Time(s),Roll,Pitch,Yaw
0.03,0.0,-17.12,0.0
0.06,-7.9,41.88,0.0
0.09,-25.49,-14.95,0.0
0.12,-19.74,25.95,0.0
0.15,28.57,11.09,0.0
0.18,3.57,-26.87,0.0
0.21,-28.41,7.21,0.0
0.24,20.61,25.4,0.0
0.27,19.73,-25.5,0.0
0.3,-30.69,-13.15,0.0
0.33,-0.82,27.56,0.0
0.36,27.52,-2.77,0.0
0.39,-25.86,-27.22,0.0
0.43,-15.27,22.19,0.0
0.46,32.07,19.47,0.0
0.49,-9.51,-28.08,0.0
0.52,-23.4,-3.63,0.0
0.55,35.3,32.77,0.0
0.58,0.25,-18.04,0.0
0.61,-30.52,-23.36,0.0
0.64,28.19,33.35,0.0
0.67,8.11,-1.05,0.0
0.7,-36.39,-33.28,0.0
0.73,20.28,26.3,0.0
0.76,17.42,12.2,0.0
0.79,-37.08,-36.82,0.0
0.82,10.52,16.11,0.0
0.85,26.54,22.9,0.0
0.88,-33.5,-35.33,0.0
0.91,-0.27,4.83,0.0
0.94,33.63,31.22,0.0
0.97,-26.37,-29.6,0.0
1.0,-11.5,-6.56,0.0
1.03,36.98,36.36,0.0
1.06,-16.67,-20.79,0.0
1.09,-21.88,-17.47,0.0
1.12,35.79,37.1,0.0
1.15,-5.82,-10.28,0.0
1.18,-30.47,-26.87,0.0
1.21,30.39,33.35,0.0
1.24,5.65,0.99,0.0
1.28,-35.89,-33.86,0.0
1.31,21.7,25.97,0.0
1.34,16.55,12.28,0.0
1.37,-37.09,-36.95,0.0
1.4,11.41,16.16,0.0
1.43,26.26,22.55,0.0
1.46,-33.87,-35.41,0.0
1.49,0.15,5.2,0.0
1.52,33.41,31.01,0.0
1.55,-26.67,-29.86,0.0
1.58,-11.03,-6.26,0.0
1.61,36.89,36.25,0.0
1.64,-17.06,-21.09,0.0
1.67,-21.54,-17.21,0.0
1.7,35.83,37.16,0.0
1.73,-6.16,-10.59,0.0
1.76,-30.15,-26.68,0.0
1.79,30.54,33.57,0.0
1.82,5.11,0.61,0.0
1.85,-35.7,-33.65,0.0
1.88,22.23,26.29,0.0
1.91,15.96,11.79,0.0
1.94,-37.14,-36.87,0.0
1.97,12.06,16.68,0.0
2.0,25.67,21.99,0.0
2.03,-34.15,-35.66,0.0
2.06,0.98,5.89,0.0
2.09,33.03,30.42,0.0
2.12,-27.36,-30.29,0.0
2.16,-10.23,-5.28,0.0
2.19,36.81,35.92,0.0
2.22,-18.01,-21.9,0.0
2.25,-20.7,-16.15,0.0
2.28,36.19,37.22,0.0
2.31,-7.24,-11.67,0.0
2.34,-29.47,-25.82,0.0
2.37,31.21,34.05,0.0
2.4,4.02,-0.48,0.0
2.43,-35.36,-33.05,0.0
2.46,23.19,27.12,0.0
2.49,15.0,10.55,0.0
2.52,-37.28,-36.73,0.0
2.55,13.06,17.79,0.0
2.58,24.8,21.07,0.0
2.61,-34.57,-35.99,0.0
2.64,1.94,6.92,0.0
2.67,32.41,29.89,0.0
2.7,-27.91,-30.95,0.0
2.73,-9.28,-4.45,0.0
2.76,36.54,35.66,0.0
2.79,-18.78,-22.7,0.0
2.82,-19.83,-15.31,0.0
2.85,36.35,37.38,0.0
2.89,-8.21,-12.62,0.0
2.92,-28.77,-25.0,0.0
2.95,31.85,34.55,0.0
2.98,2.95,-1.62,0.0
3.01,-34.92,-32.45,0.0
3.04,24.07,27.97,0.0
3.07,13.83,9.53,0.0
3.1,-37.23,-36.54,0.0
3.13,14.28,18.84,0.0
3.16,23.81,19.95,0.0
3.19,-35.17,-36.25,0.0
3.22,3.25,8.28,0.0
3.25,31.72,28.92,0.0
3.28,-28.94,-31.71,0.0
3.31,-7.93,-3.06,0.0
3.34,36.3,35.18,0.0
3.37,-20.03,-23.82,0.0
3.4,-18.61,-13.97,0.0
3.43,36.65,37.35,0.0
3.46,-9.62,-13.92,0.0
3.49,-27.84,-23.83,0.0
3.52,32.69,35.04,0.0
3.55,1.63,-2.98,0.0
3.58,-34.44,-31.72,0.0
3.61,25.1,28.86,0.0
3.64,12.68,8.26,0.0
3.67,-37.19,-36.3,0.0
3.7,15.38,19.94,0.0
3.73,22.78,18.92,0.0
3.76,-35.51,-36.53,0.0
3.79,4.46,9.44,0.0
3.82,30.97,28.07,0.0
3.85,-29.77,-32.44,0.0
3.89,-6.69,-1.73,0.0
3.92,36.02,34.57,0.0
3.95,-21.23,-24.89,0.0
3.98,-17.43,-12.78,0.0
4.01,36.88,37.32,0.0
4.04,-10.85,-15.09,0.0
4.07,-26.87,-22.87,0.0
4.1,33.26,35.55,0.0
4.13,0.37,-4.22,0.0
4.16,-33.8,-31.04,0.0
4.19,26.08,29.73,0.0
4.22,11.44,7.05,0.0
4.25,-37.09,-36.0,0.0
4.28,16.53,21.05,0.0
4.31,21.72,17.76,0.0
4.34,-35.93,-36.77,0.0
4.37,5.76,10.67,0.0
4.4,30.16,27.08,0.0
4.43,-30.67,-33.1,0.0
4.46,-5.46,-0.38,0.0
4.49,35.64,34.02,0.0
4.52,-22.26,-25.93,0.0
4.55,-16.28,-11.56,0.0
4.58,36.98,37.22,0.0
4.61,-12.0,-16.27,0.0
4.64,-25.95,-21.87,0.0
4.67,33.85,36.0,0.0
4.7,-0.81,-5.42,0.0
4.73,-33.3,-30.39,0.0
4.77,26.9,30.52,0.0
4.8,10.43,5.98,0.0
4.83,-36.99,-35.75,0.0
4.86,17.39,21.92,0.0
4.89,20.93,16.9,0.0
4.92,-36.2,-36.89,0.0
4.95,6.51,11.52,0.0
4.98,29.66,26.6,0.0
5.01,-31.04,-33.5,0.0
5.04,-4.75,0.17,0.0
5.07,35.43,33.71,0.0
5.1,-22.8,-26.33,0.0
5.13,-15.81,-11.0,0.0
5.16,37.05,37.2,0.0
5.19,-12.5,-16.79,0.0
5.22,-25.55,-21.41,0.0
5.25,34.09,36.12,0.0
5.28,-1.28,-5.87,0.0
5.31,-33.04,-30.05,0.0
5.34,27.23,30.83,0.0
5.37,9.94,5.55,0.0
5.4,-36.94,-35.59,0.0
5.43,17.94,22.28,0.0
5.46,20.52,16.46,0.0
5.49,-36.41,-36.89,0.0
5.52,7.11,11.93,0.0
5.56,29.44,26.16,0.0
5.59,-31.39,-33.66,0.0
5.62,-4.39,0.63,0.0
5.65,35.31,33.61,0.0
5.68,-23.0,-26.61,0.0
5.71,-15.44,-10.82,0.0
5.74,36.99,37.16,0.0
5.77,-12.81,-16.96,0.0
5.8,-25.29,-21.18,0.0
5.83,34.28,36.22,0.0
5.86,-1.68,-6.2,0.0
5.89,-32.89,-29.8,0.0
5.92,27.55,31.03,0.0
5.95,9.63,5.11,0.0
5.98,-36.89,-35.45,0.0
6.01,18.21,22.58,0.0
6.04,20.24,16.06,0.0
6.07,-36.47,-36.93,0.0
6.1,7.33,12.32,0.0
6.13,29.14,25.92,0.0
6.16,-31.57,-33.87,0.0
6.19,-3.97,1.07,0.0
6.22,35.15,33.33,0.0
6.25,-23.41,-26.98,0.0
6.28,-15.01,-10.23,0.0
6.31,37.07,37.11,0.0
6.34,-13.25,-17.5,0.0
6.38,-24.97,-20.75,0.0
6.41,34.44,36.35,0.0
6.44,-2.0,-6.61,0.0
6.47,-32.69,-29.6,0.0
6.5,27.77,31.2,0.0
6.53,9.32,4.86,0.0
6.56,-36.9,-35.36,0.0
6.59,18.48,22.79,0.0
6.62,20.06,15.9,0.0
6.65,-36.51,-36.97,0.0
6.68,7.56,12.49,0.0
6.71,29.01,25.78,0.0
6.74,-31.66,-33.92,0.0
6.77,-3.81,1.17,0.0
6.8,35.12,33.27,0.0
6.83,-23.59,-27.05,0.0
6.86,-14.95,-10.12,0.0
6.89,37.16,37.14,0.0
6.92,-13.3,-17.53,0.0
6.95,-24.99,-20.78,0.0
6.98,34.44,36.3,0.0
7.01,-1.97,-6.53,0.0
7.04,-32.72,-29.65,0.0
7.07,27.7,31.18,0.0
7.1,9.44,4.96,0.0
7.14,-36.85,-35.44,0.0
7.17,18.29,22.71,0.0
7.2,20.07,16.06,0.0
7.23,-36.45,-36.93,0.0
7.26,7.56,12.28,0.0
7.29,29.05,25.87,0.0
7.32,-31.71,-33.87,0.0
7.35,-3.82,1.08,0.0
7.38,35.19,33.32,0.0
7.41,-23.52,-26.95,0.0
7.44,-15.02,-10.23,0.0
7.47,37.11,37.11,0.0
7.5,-13.24,-17.48,0.0
7.53,-25.02,-20.78,0.0
7.56,34.43,36.33,0.0
7.59,-1.93,-6.52,0.0
7.62,-32.76,-29.63,0.0
7.65,27.74,31.14,0.0
7.68,9.39,4.99,0.0
7.71,-36.91,-35.44,0.0
7.74,18.34,22.65,0.0
7.77,20.15,16.08,0.0
7.81,-36.4,-36.91,0.0
7.84,7.45,12.29,0.0
7.87,29.1,25.89,0.0
7.9,-31.64,-33.87,0.0
7.93,-3.89,1.09,0.0
7.96,35.19,33.28,0.0
7.99,-23.5,-26.94,0.0
8.02,-14.97,-10.18,0.0
8.05,37.11,37.06,0.0
8.08,-13.36,-17.49,0.0
8.11,-24.91,-20.68,0.0
8.14,34.49,36.36,0.0
8.17,-2.13,-6.69,0.0
8.2,-32.6,-29.49,0.0
8.23,27.88,31.31,0.0
8.26,9.17,4.63,0.0
8.29,-36.83,-35.27,0.0
8.32,18.63,23.02,0.0
8.35,19.78,15.67,0.0
8.38,-36.58,-36.96,0.0
8.41,7.91,12.74,0.0
8.44,28.77,25.52,0.0
8.47,-31.93,-34.07,0.0
8.5,-3.39,1.54,0.0
8.53,34.95,33.07,0.0
8.56,-23.86,-27.34,0.0
8.59,-14.49,-9.74,0.0
8.63,37.08,37.05,0.0
8.66,-13.82,-17.99,0.0
8.69,-24.5,-20.29,0.0
8.72,34.64,36.5,0.0
8.75,-2.74,-7.12,0.0
8.78,-32.34,-29.11,0.0
8.81,28.34,31.55,0.0
8.84,8.61,4.11,0.0
8.87,-36.75,-35.04,0.0
8.9,19.15,23.44,0.0
8.93,19.31,15.12,0.0
8.96,-36.66,-36.98,0.0
8.99,8.36,13.28,0.0
9.02,28.36,25.13,0.0
9.05,-32.18,-34.31,0.0
9.08,-2.83,2.09,0.0
9.11,34.71,32.73,0.0
9.14,-24.39,-27.76,0.0
9.17,-13.96,-9.12,0.0
9.2,37.11,36.88,0.0
9.23,-14.39,-18.55,0.0
9.26,-24.03,-19.33,1.57
9.29,34.8,36.29,5.08
9.32,-5.19,-10.1,8.92
9.35,-29.45,-25.7,12.4
9.39,30.93,33.82,15.54
9.42,2.7,-2.06,18.18
9.45,-34.2,-31.59,19.85
9.48,24.95,28.58,20.63
9.51,12.42,7.93,21.13
9.54,-37.08,-35.92,21.86
9.57,15.9,20.42,22.73
9.6,21.91,17.78,23.13
9.63,-35.87,-37.52,21.06
9.66,4.85,9.79,15.94
9.69,32.77,28.86,10.17
9.72,-29.13,-30.92,5.43
9.75,-10.96,-5.43,2.4
9.78,37.09,36.41,0.92
9.81,-17.68,-19.99,0.19
9.84,-19.56,-13.3,-0.19
9.87,37.52,41.3,-0.19
9.9,-7.21,-8.75,0.45
9.93,-28.55,-19.26,0.2
9.96,30.74,39.96,-3.87
9.99,1.26,2.75,-13.09
10.02,-36.48,-31.0,-26.68
10.05,21.96,27.75,-42.71
10.08,31.3,26.17,-58.56
10.11,-30.42,-32.13,-72.5
10.14,-5.35,0.51,-83.85
10.17,41.64,42.53,-95.57
10.2,-11.72,-15.9,-106.35
10.23,-22.61,-19.84,-115.16
10.27,39.41,40.11,-122.84
10.3,9.48,2.75,-129.62
10.33,-29.53,-30.7,-136.16
10.36,27.56,29.09,-143.3
10.39,28.63,21.44,-150.85
10.42,-27.02,-32.49,-159.19
10.45,10.18,10.16,-168.81
10.48,47.3,39.36,-179.0
10.51,-11.09,-21.7,-189.83
10.54,-11.47,-16.72,-201.84
10.57,50.6,41.32,-215.32
10.6,19.03,5.66,-229.99
10.63,-23.96,-38.4,-243.43
10.66,22.34,13.48,-255.03
10.69,51.96,33.95,-265.36
10.72,-8.63,-27.79,-274.74
10.75,-3.41,-17.48,-283.09
10.78,57.86,38.08,-290.4
10.81,16.95,-3.55,-297.0
10.84,-15.89,-38.48,-303.08
10.87,37.92,20.79,-308.35
10.9,43.0,19.3,-312.59
10.93,-12.82,-40.19,-316.5
10.96,15.65,-3.54,-320.57
10.99,62.25,32.26,-325.5
11.02,2.53,-24.22,-331.03
11.05,-3.65,-28.92,-336.73
11.08,58.14,29.9,-342.38
11.12,25.85,-0.73,-348.02
11.15,-12.55,-45.37,-353.71
11.18,35.71,10.82,-359.48
11.21,50.82,21.05,-364.94
11.24,-7.16,-40.88,-369.49
11.27,11.47,-16.51,-372.03
11.3,66.93,30.06,-372.19
11.33,10.37,-20.16,-370.25
11.36,-5.62,-40.4,-366.31
11.39,54.35,20.05,-360.67
11.42,31.56,1.25,-353.29
11.45,-11.57,-52.34,-343.9
11.48,32.55,0.51,-333.56
11.51,51.98,17.08,-322.77
11.54,-7.54,-44.9,-311.91
11.57,9.72,-26.13,-300.75
11.6,64.6,21.41,-289.78
11.63,8.75,-20.74,-281.17
11.66,-12.76,-53.42,-274.05
11.69,43.78,6.0,-266.94
11.72,38.08,5.97,-259.61
11.75,-17.79,-56.45,-251.96
11.78,9.83,-24.8,-243.99
11.81,58.6,16.35,-235.01
11.84,0.69,-29.57,-225.02
11.87,-16.33,-53.86,-214.24
11.9,43.45,6.36,-202.2
11.93,24.88,-6.14,-188.46
11.97,-25.91,-64.97,-173.2
12.0,17.14,-12.42,-156.47
12.03,42.62,7.71,-138.98
12.06,-19.81,-51.51,-122.05
12.09,-7.85,-34.77,-106.49
12.12,46.68,11.35,-92.39
12.15,-1.65,-29.25,-79.72
12.18,-29.41,-58.6,-69.44
12.21,28.85,2.22,-61.6
12.24,23.29,-4.12,-55.7
12.27,-35.73,-65.04,-51.07
12.3,-3.08,-21.7,-45.51
12.33,39.62,11.6,-37.79
12.36,-15.53,-38.32,-30.11
12.39,-34.01,-49.85,-21.45
12.42,25.8,8.4,-12.14
12.45,11.57,-8.92,-2.88
12.48,-46.32,-65.5,5.86
12.51,-4.2,-11.25,14.31
12.54,28.4,11.18,22.51
12.57,-29.45,-46.47,30.07
12.6,-31.13,-34.86,37.25
12.63,25.59,16.2,44.58
12.66,-7.89,-22.33,51.78
12.69,-49.25,-53.55,58.21
12.73,9.58,8.66,64.6
12.76,10.79,0.21,71.99
12.79,-50.51,-57.3,80.04
12.82,-11.6,-7.09,87.85
12.85,20.95,16.1,95.94
12.88,-36.79,-43.64,105.47
12.91,-31.76,-23.68,116.38
12.94,20.45,22.85,128.47
12.97,-21.47,-26.41,141.51
13.0,-45.61,-35.77,155.97
13.03,14.16,23.05,172.48
13.06,-9.87,-11.19,191.45
13.09,-53.14,-41.16,212.72
13.12,7.15,20.95,235.79
13.15,-2.82,-0.2,260.65
13.18,-54.26,-40.41,287.82
13.21,3.31,20.19,316.85
13.24,-0.14,5.98,346.08
13.27,-53.44,-36.73,376.51
13.3,3.23,22.02,408.7
13.33,0.14,8.04,442.34
13.36,-50.22,-31.42,476.83
13.39,6.71,27.02,511.55
13.42,-3.36,5.9,546.42
13.45,-46.46,-26.02,582.03
13.48,12.04,33.3,618.55
13.51,-7.85,2.36,655.5
13.54,-39.99,-18.73,692.83
13.58,18.06,39.18,731.21
13.61,-13.78,-3.01,771.02
13.64,-30.5,-8.94,811.59
13.67,23.17,42.17,851.86
13.7,-21.65,-9.97,891.57
13.73,-19.09,2.06,930.85
13.76,25.61,41.29,969.24
13.79,-27.6,-14.84,1007.01
13.82,-7.9,12.47,1044.93
13.85,25.14,36.47,1083.31
13.88,-30.45,-17.91,1121.42
13.91,4.16,22.77,1159.25
13.94,22.26,29.41,1196.88
13.97,-30.97,-17.96,1233.93
14.0,15.0,31.88,1269.66
14.03,17.37,21.3,1304.22
14.06,-29.44,-17.09,1338.22
14.09,23.82,38.44,1371.94
14.12,13.74,14.52,1405.38
14.15,-25.7,-14.88,1438.25
14.18,31.11,42.78,1470.44
14.21,9.91,8.35,1502.22
14.24,-21.75,-12.07,1534.33
14.28,36.91,45.22,1566.74
14.31,6.06,1.96,1599.19
14.34,-16.24,-8.43,1631.76
14.37,42.1,46.03,1664.31
14.4,1.95,-4.3,1696.55
14.43,-10.83,-5.02,1728.27
14.46,45.77,45.11,1759.22
14.49,-1.07,-9.24,1789.12
14.52,-6.28,-2.67,1817.99
14.55,48.78,43.88,1846.33
14.58,-2.03,-12.74,1873.87
14.61,-3.54,-2.25,1900.14
14.64,50.95,43.1,1925.56
14.67,-1.38,-14.28,1950.15
14.7,-3.15,-5.01,1973.44
14.73,53.04,42.78,1995.45
14.76,2.19,-13.2,2016.33
14.79,-6.27,-11.64,2036.03
14.82,53.53,42.02,2054.7
14.85,9.29,-8.32,2072.57
14.88,-11.17,-21.21,2089.59
14.91,49.27,37.8,2105.67
14.94,19.58,0.89,2120.8
14.97,-16.17,-31.49,2134.94
15.0,39.26,27.44,2148.37
15.03,34.14,13.74,2160.85
15.06,-17.44,-39.1,2171.27
15.09,22.92,9.15,2179.59
15.12,52.42,29.32,2186.69
15.15,-8.78,-32.57,2193.48
15.18,2.47,-14.76,2200.07
15.21,60.03,34.61,2206.31
15.24,9.31,-14.47,2212.02
15.28,-12.83,-38.2,2216.75
15.31,46.25,22.37,2220.62
15.34,33.84,8.43,2224.54
15.37,-16.83,-47.92,2228.81
15.4,22.65,-0.31,2233.29
15.43,54.24,23.65,2237.48
15.46,-7.24,-37.21,2241.13
15.49,3.23,-22.9,2244.2
15.52,61.11,27.14,2246.68
15.55,9.64,-18.26,2248.61
15.58,-11.44,-43.36,2250.07
15.61,47.86,17.55,2251.28
15.64,30.76,2.4,2252.02
15.67,-16.27,-52.74,2251.89
15.7,25.88,-2.42,2251.14
15.73,52.45,19.75,2250.22
15.76,-8.72,-40.54,2249.36
15.79,1.51,-28.29,2248.82
15.82,60.4,23.36,2248.97
15.85,11.95,-16.31,2250.02
15.88,-15.92,-52.09,2251.86
15.91,40.25,8.27,2254.17
15.94,36.97,6.91,2256.61
15.97,-18.34,-54.45,2259.07
16.0,12.76,-17.38,2261.44
16.03,56.81,19.37,2263.36
16.06,-2.86,-32.46,2264.47
16.09,-11.36,-45.62,2264.63
16.12,49.32,13.16,2264.3
16.15,22.92,-5.74,2263.44
16.18,-23.22,-61.73,2262.53
16.21,21.69,-9.11,2261.51
16.24,48.48,13.58,2260.12
16.27,-13.01,-43.9,2258.3
16.3,-7.69,-39.29,2256.28
16.34,51.92,14.43,2254.26
16.37,13.65,-14.31,2252.28
16.4,-26.41,-64.74,2250.24
16.43,24.1,-7.32,2248.35
16.46,43.05,8.7,2246.91
16.49,-18.4,-50.22,2245.73
16.52,-7.79,-38.55,2244.6
16.55,49.96,11.62,2243.03
16.58,7.86,-20.84,2240.7
16.61,-28.52,-66.44,2237.9
16.64,25.77,-6.13,2234.7
16.67,37.14,3.15,2230.7
16.7,-23.88,-56.49,2225.84
16.73,-7.09,-36.38,2220.39
16.76,48.38,10.19,2214.38
16.79,3.95,-24.05,2208.16
16.82,-31.43,-67.93,2201.9
16.85,23.16,-7.37,2195.7
16.88,35.88,2.46,2189.8
16.91,-25.45,-56.38,2184.08
16.94,-11.97,-39.03,2178.39
16.97,44.62,8.74,2173.03
17.0,4.36,-23.47,2168.23
17.03,-35.25,-69.61,2163.76
17.06,18.32,-9.05,2159.39
17.09,34.8,2.13,2154.82
17.12,-26.53,-55.84,2149.72
17.15,-17.61,-41.7,2144.0
17.19,39.79,7.22,2137.88
17.22,6.91,-19.84,2131.35
17.25,-40.64,-73.37,2124.73
17.28,7.31,-15.12,2118.33
17.31,37.15,5.45,2112.2
17.34,-21.53,-47.32,2106.21
17.37,-30.46,-51.39,2100.1
17.4,29.66,3.79,2093.63
17.43,15.68,-10.51,2086.65
17.46,-42.43,-70.95,2078.97
17.49,-10.74,-26.7,2070.56
17.52,36.46,9.96,2061.74
17.55,-6.96,-28.91,2052.79
17.58,-47.59,-68.24,2043.44
17.61,6.39,-7.51,2033.76
17.64,29.45,6.14,2024.12
17.67,-28.46,-48.97,2014.82
17.7,-36.55,-47.06,2005.93
17.73,23.23,8.02,1997.25
17.76,10.58,-9.33,1988.66
17.79,-48.64,-68.39,1980.49
17.82,-13.99,-20.22,1973.06
17.85,29.89,13.11,1966.2
17.88,-16.97,-34.05,1959.8
17.91,-49.19,-56.15,1953.87
17.94,10.63,4.52,1948.39
17.97,16.2,0.81,1943.52
18.0,-45.42,-60.12,1939.67
18.04,-25.12,-25.18,1936.92
18.07,25.32,16.46,1934.91
18.1,-14.04,-27.09,1933.61
18.13,-54.08,-55.12,1933.64
18.16,5.49,6.98,1935.42
18.19,11.69,1.55,1938.52
18.22,-50.31,-58.07,1942.44
18.25,-19.3,-13.8,1946.29
18.28,21.68,17.47,1949.79
18.31,-29.33,-37.66,1952.99
18.34,-40.53,-34.82,1955.43
18.37,18.33,21.0,1956.85
18.4,-6.47,-12.22,1957.2
18.43,-54.98,-51.26,1956.96
18.46,2.01,9.14,1957.26
18.49,14.07,12.65,1958.57
18.52,-47.45,-47.05,1960.82
18.55,-19.73,-9.96,1963.53
18.58,23.14,27.08,1966.04
18.61,-27.76,-28.92,1968.63
18.64,-38.45,-28.6,1972.17
18.67,20.3,29.13,1977.43
18.7,-9.48,-9.27,1983.9
18.73,-49.76,-39.67,1991.27
18.76,11.73,22.51,2000.63
18.79,4.03,5.85,2012.38
18.82,-50.21,-40.45,2026.35
18.85,3.92,16.82,2042.56
18.88,11.21,14.57,2061.03
18.92,-46.97,-37.53,2081.34
18.95,1.08,15.01,2102.7
18.98,14.11,18.33,2124.78
19.01,-43.68,-34.43,2146.9
19.04,1.26,15.56,2168.66
19.07,15.79,21.34,2189.88
19.1,-42.15,-32.21,2210.91
19.13,1.06,15.62,2232.84
19.16,18.96,24.6,2255.66
19.19,-39.13,-29.46,2279.04
19.22,2.79,17.01,2303.78
19.25,20.53,24.67,2330.98
19.28,-36.24,-27.55,2359.78
19.31,7.72,21.32,2388.12
19.34,19.05,21.89,2414.84
19.37,-35.01,-27.18,2440.52
19.4,12.36,24.18,2466.13
19.43,21.22,21.63,2492.07
19.46,-31.66,-25.96,2517.51
19.49,16.17,26.67,2542.07
19.52,23.51,22.58,2565.5
19.55,-29.41,-24.82,2587.75
19.58,17.6,27.11,2609.23
19.61,27.0,24.73,2629.7
19.64,-27.27,-24.46,2648.44
19.67,16.28,24.74,2664.77
19.7,32.53,30.03,2678.27
19.73,-24.61,-25.04,2689.76
19.76,9.19,15.37,2699.91
19.8,43.77,38.66,2708.91
19.83,-16.21,-20.74,2716.79
19.86,-3.98,0.36,2723.99
19.89,50.17,46.39,2730.9
19.92,-1.85,-10.93,2737.93
19.95,-16.12,-16.93,2745.46
19.98,46.26,42.25,2754.86
20.01,15.28,2.52,2767.04
20.04,-21.06,-27.89,2781.51
20.07,36.62,32.7,2796.78
20.1,28.14,13.43,2811.91
20.13,-20.24,-32.37,2826.66
20.16,27.33,21.46,2841.14
20.19,40.35,22.93,2855.33
20.22,-16.37,-34.22,2869.24
20.25,16.45,6.89,2882.64
20.28,52.7,31.76,2895.4
20.31,-7.79,-29.93,2907.23
20.34,2.79,-11.49,2918.01
20.37,59.5,36.33,2928.02
20.4,6.49,-16.47,2937.59
20.43,-10.53,-31.83,2946.53
20.46,50.58,28.35,2954.68
20.49,26.05,1.96,2962.18
20.52,-15.58,-43.89,2969.1
20.56,33.09,12.02,2975.31
20.59,45.5,18.61,2980.83
20.62,-12.13,-42.54,2985.85
20.65,12.72,-10.63,2990.61
20.68,61.6,29.32,2995.78
20.71,2.56,-25.76,3002.29
20.74,-6.42,-35.74,3010.49
20.77,54.93,22.97,3020.14
20.8,23.43,-4.26,3030.83
20.83,-16.71,-53.01,3042.16
20.86,33.09,3.06,3053.28
20.89,45.63,13.52,3063.54
20.92,-13.27,-48.5,3073.29
20.95,9.45,-22.28,3083.29
20.98,60.03,19.79,3093.86
21.01,1.64,-30.21,3104.51
21.04,-7.48,-43.98,3114.69
21.07,53.63,14.05,3124.1
21.1,19.34,-12.1,3132.9
21.13,-16.82,-59.34,3141.01
21.16,36.65,-0.6,3148.62
21.19,39.4,4.22,3155.68
21.22,-16.79,-57.42,3162.27
21.25,13.64,-21.99,3168.24
21.28,56.63,14.25,3173.99
21.31,-3.55,-36.14,3180.6
21.35,-10.29,-49.6,3188.58
21.38,50.54,8.06,3198.54
21.41,20.33,-11.7,3210.88
21.44,-23.55,-67.89,3225.08
21.47,24.39,-12.46,3240.37
21.5,44.11,5.11,3256.14
21.53,-17.45,-53.05,3271.87
21.56,-4.93,-40.39,3287.53
21.59,51.76,7.62,3302.47
21.62,6.64,-23.67,3315.47
21.65,-29.38,-72.22,3327.09
21.68,21.94,-12.71,3338.1
21.71,40.05,2.3,3348.44
21.74,-21.34,-52.11,3358.07
21.77,-20.24,-50.55,3366.81
21.8,38.98,2.25,3373.83
21.83,16.25,-14.42,3378.98
21.86,-38.31,-75.27,3382.47
21.89,-1.97,-26.78,3385.07
21.92,42.12,6.6,3388.11
21.95,-7.96,-33.44,3391.88
21.98,-41.14,-67.87,3396.08
22.01,13.81,-7.13,3401.62
22.04,29.09,0.95,3408.97
22.07,-32.09,-56.42,3417.27
22.1,-27.89,-40.74,3425.87
22.13,29.47,9.57,3434.13
22.16,2.31,-18.61,3441.96
22.19,-49.87,-68.27,3449.13
22.23,-0.58,-8.39,3455.74
22.26,26.78,9.05,3461.83
22.29,-31.21,-47.58,3467.04
22.32,-35.76,-39.24,3471.28
22.35,22.81,15.05,3474.23
22.38,1.77,-11.03,3476.25
22.41,-54.56,-62.37,3478.05
22.44,-7.98,-6.5,3479.67
22.47,24.0,17.57,3481.32
22.5,-30.86,-38.76,3483.32
22.53,-42.51,-37.54,3485.61
22.56,17.41,20.78,3488.12
22.59,-0.59,-5.32,3491.19
22.62,-57.06,-54.08,3494.93
22.65,-5.98,2.65,3499.13
22.68,18.04,18.51,3503.45
22.71,-41.35,-41.95,3508.11
22.74,-30.32,-19.61,3513.41
22.77,21.03,28.85,3519.78
22.8,-20.05,-19.73,3527.05
22.83,-48.79,-36.8,3534.63
22.86,12.59,24.92,3541.75
22.89,-1.29,1.62,3548.8
22.92,-55.35,-44.53,3556.24
22.95,-1.35,12.48,3564.43
22.98,13.33,19.75,3574.49
23.01,-48.18,-39.66,3586.44
23.04,-16.36,-0.48,3599.26
23.08,19.55,31.31,3611.74
23.11,-36.51,-28.02,3623.73
23.14,-29.51,-13.12,3636.2
23.17,22.0,37.89,3649.14
23.2,-21.84,-13.79,3662.86
23.23,-40.11,-22.73,3678.26
23.26,19.88,37.1,3695.27
23.29,-10.47,-2.75,3713.16
23.32,-43.91,-26.5,3731.67
23.35,17.53,34.8,3751.47
23.38,-1.53,5.26,3772.97
23.41,-43.21,-27.38,3795.82
23.44,16.54,33.41,3820.32
23.47,4.72,11.02,3847.15
23.5,-40.03,-25.12,3874.7
23.53,17.85,34.06,3901.86
23.56,7.93,13.4,3929.02
23.59,-37.37,-24.01,3956.53
23.62,19.86,34.56,3985.46
23.65,11.34,14.19,4016.35
23.68,-33.21,-21.97,4049.12
23.71,24.52,36.52,4082.71
23.74,13.01,12.37,4115.88
23.77,-28.02,-18.88,4148.28
23.8,29.07,39.95,4181.03
23.83,13.42,10.86,4214.9
23.86,-23.8,-16.57,4249.59
23.89,34.76,42.15,4284.53
23.92,12.76,6.5,4318.02
23.95,-19.64,-15.6,4347.82
23.99,38.23,42.85,4373.21
24.02,14.33,7.01,4394.71
24.05,-21.26,-19.98,4412.35
24.08,35.83,38.75,4426.44
24.11,24.93,16.07,4437.24
24.14,-23.16,-26.9,4443.49
24.17,22.79,25.03,4444.03
24.2,43.26,34.41,4440.1
24.23,-17.9,-24.59,4433.55
24.26,-1.18,-1.14,4425.59
24.29,54.21,48.36,4417.16
24.32,3.6,-5.36,4410.26
24.35,-19.34,-21.14,4405.74
24.38,40.98,40.54,4402.58
24.41,22.88,14.23,4399.64
24.44,-24.31,-28.1,4396.17
24.47,23.69,25.21,4392.55
24.5,38.47,30.25,4390.25
24.53,-22.25,-27.78,4388.83
24.56,5.64,10.43,4387.51
24.59,45.41,41.67,4386.57
24.62,-15.29,-19.21,4386.43
24.65,-7.46,-1.41,4387.34
24.68,44.93,45.91,4389.75
24.71,-9.36,-11.18,4391.91
24.74,-17.87,-12.25,4393.73
24.77,40.64,45.67,4395.38
24.8,0.89,-0.89,4396.58
24.84,-27.75,-22.39,4397.71
24.87,31.23,39.31,4398.76
24.9,13.66,12.31,4397.66
24.93,-34.56,-30.89,4394.07
24.96,16.06,23.1,4389.17
24.99,30.78,31.02,4382.68
25.02,-29.79,-28.78,4374.23
25.05,-7.72,-1.3,4363.67
25.08,40.8,44.05,4353.29
25.11,-7.96,-11.31,4344.05
25.14,-29.3,-26.3,4335.6
25.17,28.58,36.77,4327.89
25.2,14.71,13.27,4320.78
25.23,-36.94,-35.66,4314.26
25.26,9.65,15.64,4308.33
25.29,32.49,31.43,4302.9
25.32,-28.74,-30.02,4297.94
25.35,-10.46,-5.24,4293.42
25.38,39.31,40.32,4289.29
25.41,-12.41,-15.31,4285.54
25.44,-27.22,-22.92,4282.13
25.47,33.58,36.89,4279.01
25.5,5.56,2.13,4276.18
25.53,-36.79,-34.46,4273.67
25.56,19.99,24.39,4271.48
25.59,21.85,18.83,4269.6
25.63,-36.17,-36.35,4267.9
25.66,3.77,8.49,4266.29
25.69,33.75,31.89,4264.74
25.72,-26.79,-29.44,4263.27
25.75,-12.93,-8.14,4261.83
25.78,38.41,38.62,4260.55
25.81,-12.35,-16.15,4259.34
25.84,-27.31,-23.29,4258.2
25.87,33.54,36.03,4257.13
25.9,3.85,-0.27,4256.14
25.93,-36.41,-34.18,4255.2
25.96,21.51,25.54,4254.34
25.99,19.38,15.72,4253.53
26.02,-37.06,-37.45,4252.76
26.05,6.25,10.83,4252.03
26.08,31.83,29.28,4251.35
26.11,-29.24,-31.72,4250.72
26.14,-9.84,-5.15,4250.12
26.17,37.87,37.35,4249.54
26.2,-15.83,-19.66,4248.98
26.23,-24.32,-20.42,4248.43
26.26,35.11,37.08,4247.92
26.29,-0.4,-4.53,4247.42
26.32,-34.69,-32.18,4246.95
26.35,25.12,28.67,4246.49
26.38,15.08,11.15,4246.06
26.41,-37.82,-37.59,4245.65
26.44,10.89,15.36,4245.27
26.48,28.43,25.25,4244.91
26.51,-32.55,-34.56,4244.57
26.54,-4.75,-0.07,4244.24
26.57,36.77,35.3,4243.94
26.6,-20.74,-24.28,4243.67
26.63,-19.76,-15.58,4243.58
26.66,36.97,38.06,4243.58
26.69,-5.84,-9.97,4243.58
26.72,-31.82,-28.67,4243.58
26.75,29.2,32.29,4243.58
26.78,9.75,5.63,4243.58
26.81,-37.73,-36.68,4243.58
26.84,16.14,20.41,4243.58
26.87,24.05,20.44,4243.58
26.9,-35.33,-36.64,4243.58
26.93,0.9,5.55,4243.58
26.96,34.47,32.3,4243.58
26.99,-25.54,-28.64,4243.58
27.02,-14.47,-10.07,4243.58
27.05,37.91,38.01,4243.58
27.08,-11.54,-15.54,4243.58
27.11,-27.88,-24.3,4243.58
27.14,32.84,35.3,4243.58
27.17,4.02,-0.24,4243.58
27.2,-36.42,-34.51,4243.58
27.23,21.43,25.29,4243.58
27.27,19.03,15.13,4243.58
27.3,-37.23,-37.68,4243.58
27.33,6.74,11.24,4243.58
27.36,31.21,28.41,4243.58
27.39,-29.82,-32.42,4243.58
27.42,-8.8,-4.3,4243.58
27.45,37.57,36.8,4243.58
27.48,-17.12,-20.88,4243.58
27.51,-23.21,-19.3,4243.39
27.54,35.66,37.35,4243.39
27.57,-2.01,-6.04,4243.39
27.6,-33.92,-31.26,4243.39
27.63,26.34,29.78,4243.39
27.66,13.42,9.34,4243.39
27.69,-37.92,-37.48,4243.39
27.72,12.59,17.04,4243.39
27.75,27.01,23.71,4243.39
27.78,-33.48,-35.34,4243.39
27.81,-2.83,1.78,4243.39
27.84,35.97,34.31,4243.39
27.87,-22.48,-25.85,4243.39
27.9,-17.87,-13.6,4243.39
27.93,37.44,38.18,4243.39
27.96,-8.1,-12.19,4243.39
27.99,-30.35,-27.03,4243.39
28.02,30.79,33.62,4243.39
28.05,7.47,3.18,4243.39
28.09,-37.36,-35.86,4243.39
28.12,18.4,22.54,4243.39
28.15,22.0,18.23,4243.39
28.18,-36.3,-37.2,4243.39
28.21,3.39,7.97,4243.39
28.24,33.22,30.8,4243.39
28.27,-27.48,-30.31,4243.39
28.3,-12.2,-7.69,4243.39
28.33,37.99,37.66,4243.39
28.36,-13.85,-17.72,4243.39
28.39,-26.18,-22.31,4243.39
28.42,34.19,36.19,4243.39
28.45,1.79,-2.48,4243.39
28.49,-35.73,-33.51,4243.39
28.52,23.23,26.99,4243.39
28.55,17.18,13.28,4243.39
28.58,-37.61,-37.77,4243.39
28.61,8.67,13.06,4243.39
28.64,30.01,27.1,4243.39
28.67,-31.02,-33.42,4243.39
28.7,-7.25,-2.61,4243.39
28.73,37.31,36.38,4243.39
28.76,-18.39,-22.23,4243.39
28.79,-22.02,-18.07,4243.39
28.82,36.16,37.68,4243.39
28.85,-3.19,-7.37,4243.39
28.88,-33.42,-30.62,4243.39
28.91,27.15,30.5,4243.39
28.94,12.58,8.5,4243.39
28.97,-38.01,-37.41,4243.39
29.0,13.32,17.58,4243.39
29.03,26.6,23.24,4243.39
29.06,-33.8,-35.55,4243.39
29.09,-2.31,2.26,4243.39
29.12,35.85,34.06,4243.39
29.15,-22.95,-26.22,4243.39
29.18,-17.51,-13.25,4243.39
29.21,37.5,38.19,4243.39
29.24,-8.45,-12.54,4243.66
29.27,-29.95,-26.71,4244.18
29.31,31.13,34.22,4244.75
29.34,6.58,2.01,4245.28
29.37,-37.11,-35.45,4245.67
29.4,19.3,23.46,4245.76
29.43,21.1,17.47,4246.63
29.46,-36.53,-37.2,4250.08
29.49,5.88,10.54,4255.68
29.52,29.82,26.74,4261.44
29.55,-30.86,-33.03,4266.87
29.58,-4.5,0.39,4271.76
29.61,35.67,33.48,4274.96
29.64,-22.43,-26.49,4274.32
29.67,-18.58,-15.48,4268.44
29.7,37.53,38.89,4258.09
29.73,-1.63,-4.31,4245.14
29.76,-36.77,-34.75,4231.06
29.79,21.56,25.6,4216.97
29.82,27.4,25.55,4204.26
29.86,-32.46,-32.38,4194.3
29.89,-4.22,0.17,4186.41
29.92,41.48,42.46,4178.39
29.95,-12.81,-16.28,4170.02
29.98,-24.83,-24.46,4162.13
30.01,38.0,35.9,4155.14
30.04,13.36,7.52,4149.08
30.07,-34.54,-36.66,4143.12
30.1,16.51,16.52,4136.96
30.13,37.51,29.88,4131.15
30.16,-23.07,-30.78,4126.27
30.19,-6.37,-9.11,4122.0
30.22,48.34,39.63,4117.79
30.25,-0.68,-12.02,4113.93
30.28,-24.08,-32.07,4110.25
30.31,37.13,29.13,4107.12
30.34,25.69,11.53,4104.48
30.37,-25.98,-41.57,4101.84
30.4,15.58,6.55,4098.87
30.43,47.39,30.08,4095.67
30.46,-13.47,-31.0,4092.44
30.49,-6.47,-19.19,4088.89
30.52,53.39,34.61,4085.19
30.55,11.0,-8.0,4082.26
30.58,-21.03,-41.55,4080.36
30.61,35.06,17.51,4079.63
30.65,37.85,16.12,4080.49
30.68,-18.66,-44.25,4083.35
30.71,9.37,-9.77,4088.81
30.74,56.6,29.12,4096.86
30.77,-1.69,-26.9,4107.25
30.8,-12.16,-38.24,4120.24
30.83,48.93,19.44,4134.42
30.86,20.76,-4.71,4148.75
30.89,-21.75,-58.03,4163.38
30.92,26.66,-2.3,4177.49
30.95,43.82,11.2,4191.07
30.98,-17.03,-51.05,4204.39
31.01,4.41,-25.65,4217.51
31.04,54.56,15.3,4230.18
31.07,-2.82,-34.25,4242.07
31.1,-11.27,-44.99,4253.39
31.13,49.49,10.74,4263.73
31.16,13.5,-18.24,4272.72
31.19,-20.32,-60.98,4280.64
31.22,35.9,-0.26,4287.58
31.25,31.12,-3.16,4292.98
31.28,-22.5,-63.73,4297.15
31.31,16.99,-17.71,4299.88
31.34,49.08,8.8,4301.53
31.37,-12.52,-46.66,4302.86
31.4,-6.24,-41.22,4304.69
31.43,52.59,9.96,4307.38
31.47,8.55,-22.75,4310.98
31.5,-23.04,-64.7,4315.69
31.53,33.54,-3.87,4321.8
31.56,32.95,-2.12,4329.04
31.59,-24.37,-63.96,4336.8
31.62,6.56,-26.39,4344.31
31.65,50.45,9.3,4350.86
31.68,-6.89,-37.41,4356.8
31.71,-20.72,-56.5,4362.18
31.74,39.13,1.8,4366.59
31.77,24.15,-7.21,4369.87
31.8,-31.02,-68.29,4372.78
31.83,2.21,-26.83,4375.67
31.86,47.31,8.82,4378.33
31.89,-6.42,-34.43,4381.24
31.92,-30.09,-62.9,4383.95
31.95,28.87,-2.62,4385.69
31.98,28.66,-2.99,4386.28
32.01,-31.61,-63.09,4387.53
32.04,-10.8,-34.96,4389.26
32.07,42.56,9.04,4389.78
32.1,1.91,-23.29,4388.63
32.13,-42.14,-72.53,4386.07
32.16,7.52,-13.99,4382.37
32.19,37.63,7.38,4377.9
32.22,-19.29,-43.27,4372.48
32.25,-35.96,-56.9,4366.08
32.29,23.61,0.8,4358.3
32.32,23.79,-2.18,4349.59
32.35,-36.83,-61.21,4340.81
32.38,-25.89,-40.24,4332.26
32.41,30.71,8.56,4324.09
32.44,9.77,-12.24,4316.95
32.47,-48.23,-71.95,4310.92
32.5,-17.36,-26.99,4305.69
32.53,31.41,11.37,4300.96
32.56,-5.17,-24.6,4296.54
32.59,-54.45,-71.07,4293.04
32.62,-4.6,-11.08,4290.41
32.65,27.28,9.39,4288.14
32.68,-25.59,-42.91,4286.19
32.71,-47.36,-51.4,4285.06
32.74,13.22,6.71,4284.76
32.77,10.58,-5.81,4285.12
32.8,-50.94,-65.55,4286.27
32.83,-20.73,-19.93,4288.17
32.86,23.83,13.87,4291.26
32.89,-21.15,-35.56,4295.33
32.92,-51.7,-50.47,4300.52
32.95,9.03,9.37,4305.79
32.98,7.44,-2.92,4311.5
33.01,-54.28,-61.88,4317.9
33.04,-22.59,-15.87,4324.81
33.07,20.23,18.37,4332.28
33.11,-24.83,-32.18,4340.51
33.14,-54.83,-46.38,4349.47
33.17,5.92,14.25,4359.02
33.2,3.42,1.2,4369.26
33.23,-58.6,-55.63,4380.45
33.26,-21.58,-8.1,4392.48
33.29,15.54,21.67,4404.74
33.32,-35.0,-35.72,4417.22
33.35,-46.39,-31.1,4430.11
33.38,11.23,24.79,4443.5
33.41,-14.2,-12.47,4457.63
33.44,-61.41,-45.43,4472.67
33.47,-0.62,16.38,4488.65
33.5,0.33,5.68,4505.55
33.53,-60.31,-47.52,4523.12
33.56,-13.24,5.64,4542.32
33.59,8.63,18.97,4563.43
33.62,-51.59,-41.14,4585.44
33.65,-24.69,-4.58,4607.91
33.68,12.14,28.08,4630.39
33.71,-41.75,-31.03,4653.08
33.74,-35.52,-14.19,4675.64
33.77,13.18,32.94,4697.46
33.8,-31.2,-20.69,4718.61
33.83,-43.75,-22.36,4738.79
33.86,12.77,34.46,4757.44
33.89,-20.26,-8.64,4776.43
33.92,-51.6,-29.25,4796.06
33.95,9.57,32.12,4816.19
33.98,-9.89,1.2,4837.44
34.02,-53.81,-32.0,4860.82
34.05,7.49,29.02,4885.51
34.08,-3.53,6.62,4910.81
34.11,-51.05,-31.46,4937.02
34.14,7.9,27.58,4963.81
34.17,0.29,9.45,4990.88
34.2,-48.26,-30.29,5018.21
34.23,9.44,27.78,5046.03
34.26,3.23,10.73,5074.29
34.29,-44.95,-29.38,5102.73
34.32,12.19,28.34,5131.19
34.35,6.02,11.38,5158.83
34.38,-41.59,-28.7,5184.7
34.41,13.9,28.23,5208.65
34.44,10.0,14.79,5231.36
34.47,-40.62,-29.28,5253.52
34.5,13.01,25.7,5274.96
34.53,17.0,19.65,5295.43
34.56,-37.57,-29.93,5314.61
34.59,9.61,20.7,5332.21
34.62,24.5,27.14,5348.21
34.65,-34.18,-28.9,5362.45
34.68,1.65,12.13,5375.09
34.71,33.28,36.63,5386.59
34.75,-26.54,-23.9,5397.22
34.78,-9.29,-0.01,5406.9
34.81,39.55,44.01,5415.86
34.84,-14.14,-13.81,5424.54
34.87,-21.06,-12.69,5432.95
34.9,38.49,44.92,5441.11
34.93,0.71,-0.49,5448.94
34.96,-29.74,-23.12,5455.98
34.99,30.39,37.71,5461.86
35.02,16.76,15.53,5466.33
35.05,-33.4,-29.3,5468.79
35.08,14.79,22.82,5468.78
35.11,32.99,34.3,5466.1
35.14,-27.98,-25.59,5460.84
35.17,-7.73,0.46,5452.52
35.2,42.93,48.7,5441.5
35.23,-7.59,-5.3,5428.99
35.26,-31.55,-22.63,5416.06
35.29,28.72,38.17,5402.99
35.32,19.03,23.0,5389.8
35.35,-38.04,-29.12,5376.55
35.38,0.7,12.59,5364.3
35.41,36.17,45.92,5354.63
35.44,-21.77,-14.99,5348.17
35.47,-22.67,-10.03,5344.1
35.5,35.67,48.88,5341.93
35.53,-1.34,4.54,5342.34
35.57,-37.34,-22.88,5345.76
35.6,23.13,37.93,5352.25
35.63,15.11,20.76,5361.2
35.66,-38.23,-26.07,5371.41
35.69,11.33,24.63,5382.3
35.72,28.08,34.03,5393.71
35.75,-32.75,-23.79,5405.4
35.78,-2.51,11.18,5417.31
35.81,36.43,44.19,5430.13
35.84,-21.85,-16.56,5444.53
35.87,-13.03,-0.91,5460.68
35.9,40.68,48.29,5478.12
35.93,-9.3,-8.23,5495.71
35.96,-20.36,-10.73,5512.73
35.99,39.64,47.63,5529.04
36.02,3.13,1.75,5544.87
36.05,-26.62,-19.85,5560.07
36.08,34.39,40.99,5573.93
36.11,17.54,14.75,5586.65
36.14,-28.99,-26.33,5598.48
36.17,22.33,28.46,5609.7
36.2,33.53,29.14,5620.39
36.23,-24.92,-26.63,5630.48
36.26,7.06,11.95,5639.58
36.29,46.43,42.76,5648.28
36.32,-12.22,-18.62,5656.57
36.35,-9.73,-8.4,5664.49
36.38,50.4,46.73,5672.03
36.42,7.59,-1.35,5679.09
36.45,-22.34,-26.51,5685.23
36.48,35.4,33.3,5690.49
36.51,31.72,20.9,5695.32
36.54,-22.97,-32.75,5699.93
36.57,12.79,10.16,5704.26
36.6,51.56,39.4,5708.29
36.63,-8.58,-21.7,5711.8
36.66,-8.69,-15.0,5715.13
36.69,52.44,41.95,5718.78
36.72,15.29,0.51,5722.57
36.75,-21.36,-34.26,5726.87
36.78,32.36,23.41,5732.04
36.81,41.09,24.32,5737.54
36.84,-17.13,-36.08,5743.19
36.87,6.67,-4.92,5749.28
36.9,58.23,37.67,5755.87
36.93,1.99,-17.47,5762.9
36.96,-13.71,-31.04,5769.89
36.99,47.43,29.35,5776.44
37.02,27.46,6.74,5782.75
37.05,-20.03,-44.34,5788.91
37.08,23.57,6.66,5794.8
37.11,50.89,26.16,5800.35
37.14,-10.4,-35.34,5805.64
37.17,0.11,-19.55,5811.13
37.21,58.44,31.44,5817.08
37.24,9.93,-14.1,5823.28
37.27,-15.09,-41.62,5829.57
37.3,43.0,19.08,5835.78
37.33,32.89,8.24,5841.6
37.36,-18.86,-49.17,5846.96
37.39,18.71,-3.91,5852.07
37.42,54.48,24.75,5856.88
37.45,-6.87,-34.16,5861.35
37.48,-5.25,-31.0,5865.45
37.51,55.56,24.77,5869.31
37.54,16.45,-9.0,5873.04
37.57,-19.57,-51.9,5876.53
37.6,32.94,6.57,5879.51
37.63,42.65,13.92,5882.12
37.66,-16.42,-47.54,5884.19
37.69,5.04,-21.62,5885.63
37.72,58.29,23.91,5886.58
37.75,4.66,-21.66,5887.09
37.78,-17.58,-50.36,5886.98
37.81,40.76,10.45,5886.19
37.84,34.67,6.69,5884.69
37.87,-20.99,-54.34,5882.59
37.9,8.57,-19.08,5879.86
37.93,56.78,21.48,5876.78
37.96,0.51,-25.98,5873.69
37.99,-18.13,-51.08,5870.71
38.02,40.91,9.74,5868.04
38.05,31.94,3.95,5865.66
38.09,-23.03,-57.01,5863.15
38.12,8.04,-19.58,5860.39
38.15,54.79,19.65,5857.67
38.18,-1.62,-27.88,5855.4
38.21,-20.5,-52.59,5853.48
38.24,38.89,8.1,5851.46
38.27,30.76,3.05,5849.1
38.3,-25.49,-58.21,5846.19
38.33,4.06,-23.02,5842.54
38.36,52.85,18.21,5838.04
38.39,-0.4,-25.43,5832.98
38.42,-26.19,-58.04,5827.85
38.45,30.99,2.47,5822.81
38.48,35.18,6.79,5817.63
38.51,-24.66,-53.65,5811.64
38.54,-7.29,-32.65,5804.72
38.57,48.68,16.38,5797.69
38.6,7.83,-16.29,5791.3
38.63,-32.96,-64.8,5785.48
38.66,17.71,-6.75,5779.84
38.69,41.19,11.87,5774.23
38.72,-19.86,-45.22,5768.56
38.75,-19.11,-42.62,5762.74
38.78,40.89,12.86,5756.41
38.81,14.86,-9.24,5748.94
38.84,-35.63,-66.11,5741.37
38.87,7.2,-14.39,5734.34
38.9,43.31,14.2,5727.77
38.93,-14.85,-37.78,5721.47
38.96,-27.86,-50.19,5715.4
39.0,32.81,8.68,5709.97
39.03,19.98,-3.71,5705.14
39.06,-36.64,-63.59,5700.29
39.09,-0.9,-19.25,5695.55
39.12,42.23,15.27,5690.85
39.15,-11.8,-32.91,5685.63
39.18,-34.13,-54.34,5679.33
39.21,24.29,5.51,5672.14
39.24,25.68,4.73,5664.33
39.27,-35.17,-55.3,5655.69
39.3,-20.16,-33.12,5646.34
39.33,35.64,17.39,5636.84
39.36,6.12,-10.47,5628.11
39.39,-45.74,-63.59,5620.36
39.42,-1.36,-10.51,5612.94
39.45,35.9,20.56,5606.45
39.48,-17.28,-29.28,5601.3
39.51,-43.18,-50.03,5597.08
39.54,14.99,11.24,5593.56
39.57,21.59,13.77,5590.49
39.6,-39.63,-46.1,5588.07
39.63,-27.89,-26.33,5586.72
39.66,27.44,27.44,5586.53
39.69,-2.92,-7.18,5587.15
39.72,-53.11,-50.79,5588.59
39.75,1.16,7.18,5591.19
39.78,22.22,22.46,5595.55
39.81,-38.17,-38.05,5601.59
39.84,-26.51,-17.78,5609.33
39.87,25.76,32.66,5619.59
39.91,-16.45,-15.98,5632.46
39.94,-42.62,-32.1,5647.76
39.97,19.16,29.32,5664.59
40.0,-1.84,-1.03,5683.01
40.03,-46.0,-36.57,5703.24
40.06,13.26,24.61,5725.13
40.09,6.8,8.85,5748.08
40.12,-45.03,-35.82,5770.31
40.15,8.81,20.97,5791.59
40.18,14.41,18.18,5812.02
40.21,-42.76,-34.04,5832.11
40.24,2.75,15.08,5852.33
40.27,22.3,27.7,5873.13
40.3,-37.64,-30.15,5893.51
40.33,-4.12,7.76,5911.83
40.36,32.03,37.21,5928.36
40.39,-29.83,-22.46,5944.14
40.42,-14.34,-3.15,5959.36
40.45,34.99,43.64,5973.54
40.48,-17.87,-12.7,5987.42
40.51,-24.91,-12.68,6003.3
40.54,33.85,44.48,6022.07
40.57,-7.25,-4.22,6042.26
40.6,-28.76,-17.54,6063.52
40.63,32.56,41.8,6083.69
40.66,-2.1,0.51,6101.99
40.69,-31.43,-21.41,6119.35
40.72,28.12,38.92,6137.17
40.75,6.19,8.22,6156.26
40.78,-33.99,-23.0,6176.14
40.81,24.56,35.06,6194.68
40.84,11.93,12.36,6211.58
40.88,-35.68,-27.35,6227.35
40.91,17.45,28.83,6243.2
40.94,20.43,21.57,6258.57
40.97,-35.51,-29.47,6272.81
41.0,8.72,19.71,6286.53
41.03,28.63,31.09,6300.17
41.06,-31.62,-28.03,6313.38
41.09,-2.15,8.02,6326.02
41.12,35.19,38.91,6337.82
41.15,-24.21,-22.61,6349.1
41.18,-14.3,-4.95,6359.92
41.21,37.53,43.41,6369.92
41.24,-12.56,-12.21,6378.19
41.27,-26.34,-18.59,6384.8
41.3,33.31,41.96,6389.97
41.33,3.42,1.1,6393.87
41.36,-35.45,-29.8,6397.0
41.39,21.8,27.21,6399.52
41.42,20.33,20.72,6401.22
41.45,-35.82,-34.33,6402.69
41.48,3.25,8.47,6403.95
41.51,34.79,35.31,6405.06
41.54,-25.36,-26.11,6406.05
41.57,-16.06,-10.56,6406.94
41.6,38.4,40.79,6407.77
41.63,-7.5,-9.9,6408.51
41.66,-31.83,-27.58,6409.17
41.7,29.26,33.46,6409.76
41.73,11.99,9.18,6410.28
41.76,-38.47,-36.86,6410.73
41.79,12.2,17.05,6411.14
41.82,29.16,27.07,6411.51
41.85,-32.04,-33.3,6411.81
41.88,-7.54,-2.83,6411.9
41.91,38.41,38.37,6411.9
41.94,-16.04,-18.93,6411.9
41.97,-25.83,-21.9,6411.9
42.0,34.49,37.04,6411.9
42.03,3.78,0.33,6411.9
42.06,-37.34,-35.37,6411.9
42.09,19.65,23.69,6411.9
42.12,22.83,19.82,6411.9
42.15,-36.16,-37.01,6411.9
42.18,0.19,4.51,6411.9
42.21,36.23,34.77,6411.9
42.24,-22.92,-25.74,6411.9
42.27,-19.48,-15.45,6411.9
42.3,37.54,38.85,6411.9
42.33,-3.63,-7.33,6411.9
42.36,-34.45,-31.91,6411.9
42.39,25.78,29.21,6411.9
42.42,16.36,12.91,6411.9
42.45,-38.26,-38.33,6411.9
42.48,7.25,11.39,6411.9
42.51,32.54,30.21,6411.9
42.54,-28.54,-31.05,6411.9
42.57,-12.9,-8.81,6411.9
42.61,38.72,38.9,6411.9
42.64,-10.73,-14.29,6411.9
42.67,-30.21,-27.07,6411.9
42.7,31.1,33.73,6411.9
42.73,9.57,5.83,6411.9
42.76,-38.61,-37.73,6411.9
42.79,14.12,18.02,6411.9
42.82,27.77,24.76,6411.9
42.85,-33.23,-35.06,6411.9
42.88,-6.04,-1.95,6411.9
42.91,38.16,37.29,6411.9
42.94,-17.37,-20.68,6411.9
42.97,-24.96,-21.45,6411.9
43.0,35.07,36.97,6411.9
43.03,2.68,-1.08,6411.9
43.06,-37.19,-35.46,6411.9
43.09,20.49,24.04,6411.9
43.12,22.18,18.77,6411.9
43.15,-36.54,-37.57,6411.9
43.18,0.68,4.85,6411.9
43.21,36.0,34.29,6411.9
43.24,-23.27,-26.34,6411.9
43.27,-19.22,-15.4,6411.9
43.3,37.61,38.65,6411.9
43.33,-3.96,-7.74,6411.9
43.36,-34.37,-31.95,6411.9
43.39,26.02,29.26,6411.9
43.42,16.24,12.58,6411.9
43.46,-38.38,-38.48,6411.9
43.49,7.2,11.26,6411.81
43.52,32.65,30.23,6411.81
43.55,-28.48,-31.04,6411.81
43.58,-13.17,-9.13,6411.81
43.61,38.75,38.86,6411.81
43.64,-10.32,-13.98,6411.81
43.67,-30.56,-27.53,6411.81
43.7,30.74,33.41,6411.81
43.73,10.11,6.4,6411.81
43.76,-38.71,-37.98,6411.81
43.79,13.44,17.29,6411.81
43.82,28.32,25.43,6411.81
43.85,-32.73,-34.72,6411.81
43.88,-6.93,-2.89,6411.81
43.91,38.31,37.57,6411.81
43.94,-16.43,-19.87,6411.81
43.97,-25.82,-22.37,6411.81
44.0,34.53,36.54,6411.81
44.03,3.83,0.01,6411.81
44.06,-37.55,-36.03,6411.81
44.09,19.31,23.0,6411.81
44.12,23.23,19.92,6411.81
44.15,-36.02,-37.26,6411.81
44.18,-0.62,3.52,6411.81
44.21,36.58,34.97,6411.81
44.24,-22.1,-25.28,6411.81
44.27,-20.48,-16.72,6411.81
44.3,37.18,38.42,6411.81
44.34,-2.48,-6.31,6411.81
44.37,-35.12,-32.83,6411.81
44.4,24.84,28.16,6411.81
44.43,17.5,13.95,6411.81
44.46,-38.04,-38.49,6411.81
44.49,5.93,9.95,6411.81
44.52,33.31,31.1,6411.81
44.55,-27.55,-30.22,6411.81
44.58,-14.27,-10.35,6411.81
44.61,38.68,38.93,6411.81
44.64,-9.22,-12.87,6411.81
44.67,-31.35,-28.4,6411.81
44.7,29.92,32.68,6411.81
44.73,11.26,7.55,6411.81
44.76,-38.73,-38.18,6411.81
44.79,12.34,16.23,6411.81
44.82,29.22,26.34,6411.81
44.85,-32.07,-34.08,6411.81
44.88,-8.22,-4.1,6411.81
44.91,38.58,37.92,6411.81
44.94,-15.14,-18.71,6411.81
44.97,-26.85,-23.5,6411.81
45.0,33.81,36.0,6411.81
45.03,5.17,1.38,6411.81
45.06,-37.92,-36.57,6411.81
45.09,18.09,21.8,6411.81
45.12,24.37,21.2,6411.81
45.15,-35.43,-36.82,6411.81
45.19,-1.92,2.09,6411.81
45.22,37.11,35.63,6411.81
45.25,-21.01,-24.12,6411.81
45.28,-21.76,-17.97,6411.81
45.31,36.8,38.11,6411.81
45.34,-1.01,-4.86,6411.81
45.37,-35.88,-33.74,6411.81
45.4,23.53,26.9,6411.81
45.43,19.06,15.62,6411.81
45.46,-37.7,-38.32,6411.81
45.49,4.07,8.05,6411.81
45.52,34.54,32.45,6411.81
45.55,-25.95,-28.72,6411.81
45.58,-16.45,-12.56,6411.81
45.61,38.35,38.96,6411.81
45.64,-6.77,-10.48,6411.81
45.67,-32.98,-30.26,6411.81
45.7,28.04,31.04,6411.81
45.73,13.88,10.22,6411.81
45.76,-38.66,-38.52,6411.81
45.79,9.54,13.49,6411.81
45.82,31.17,28.59,6411.81
45.85,-30.1,-32.47,6411.81
45.88,-11.08,-7.07,6411.81
45.91,38.78,38.62,6411.81
45.94,-12.29,-15.88,6411.81
45.98,-29.2,-26.09,6411.81
46.01,31.96,34.48,6411.81
46.04,8.31,4.6,6411.81
46.07,-38.54,-37.6,6411.81
46.1,15.09,18.89,6411.81
46.13,27.04,24.02,6411.81
46.16,-33.7,-35.51,6411.81
46.19,-5.38,-1.34,6411.81
46.22,38.06,37.11,6411.81
46.25,-17.79,-21.13,6411.81
46.28,-24.71,-21.21,6411.81
46.31,35.21,37.04,6411.81
46.34,2.6,-1.24,6411.81
46.37,-37.27,-35.53,6411.81
46.4,20.35,23.96,6411.81
46.43,22.37,19.0,6411.81
46.46,-36.43,-37.55,6411.81
46.49,0.34,4.44,6411.81
46.52,36.15,34.49,6411.81
46.55,-22.91,-26.0,6411.81
46.58,-19.67,-15.9,6411.81
46.61,37.51,38.61,6411.81
46.64,-3.34,-7.13,6411.81
46.67,-34.8,-32.4,6411.81
46.7,25.45,28.65,6411.81
46.73,17.03,13.41,6411.81
46.76,-38.17,-38.5,6411.81
46.79,6.32,10.36,6411.81
46.82,33.15,30.86,6411.81
46.85,-27.76,-30.4,6411.81
46.88,-14.12,-10.18,6411.81
46.92,38.69,38.92,6411.81
46.95,-9.33,-12.98,6411.81
46.98,-31.22,-28.38,6411.81
47.01,29.97,32.75,6411.81
47.04,11.2,7.52,6411.81
47.07,-38.75,-38.21,6411.81
47.1,12.28,16.16,6411.81
47.13,29.3,26.41,6411.81
47.16,-31.96,-34.03,6411.81
47.19,-8.34,-4.24,6411.81
47.22,38.57,37.99,6411.81
47.25,-15.05,-18.58,6411.81
47.28,-26.98,-23.66,6411.81
47.31,33.76,35.92,6411.81
47.34,5.37,1.6,6411.81
47.37,-37.98,-36.66,6411.81
47.4,17.86,21.57,6411.81
47.43,24.63,21.45,6411.81
47.46,-35.26,-36.71,6411.81
47.49,-2.33,1.76,6411.81
