Inclination,Orientation,M1,M2,M3
0.2088230667865687,90.0,0.0038349520047392615,-0.0039627837382305705,0.004729774139178423
2.661340126023028,31.127719210556496,0.019558255224170235,-0.019174760023696308,0.018535601356239766
6.453470730767252,29.271181781824758,0.04422977978799282,-0.0439741163210102,0.04499677018894067
12.660332568887386,30.171764956457878,0.067495155283411,-0.08027832863254188,0.08181230943443758
22.974543369867966,29.193761881849046,0.07861651609715486,-0.12732040655734347,0.1260420892224304
38.35203651074666,27.250486040055716,0.08117315076698103,-0.18305504235955408,0.18216022022511494
57.91135689531698,24.177872878739834,0.07746603049573308,-0.24978320724201725,0.2510615245769303
69.28724628763986,20.209043537874916,0.08091748729999843,-0.325459593468872,0.325459593468872
50.76650631636583,18.32162311270757,0.07925567476461141,-0.4121295087759793,0.4144304799788229
27.463523522033352,14.905880835220824,0.07938350649810272,-0.5095372896963566,0.508514635828426
12.755318476727517,3.8319306478096617,0.08027832863254188,-0.6170437775625472,0.616532450628582
5.753311089011406,327.4133247820939,0.07900001129762879,-0.7334984867731295,0.7360551214429556
5.3945737310458695,283.2452649514239,0.07976700169857665,-0.8668269848045644,0.8665713213375819
6.758217431230754,263.0432987633483,0.07963916996508533,-0.9975988481661733,1.006163574310091
7.924775756950538,261.96119474174054,0.07900001129762879,-1.1153318747116685,1.1361684472707518
9.056347947489554,265.3303577688911,0.08015049689905057,-1.2211765500424723,1.2537736420827559
9.415327733068105,268.830745472354,0.08027832863254188,-1.3173060136279364,1.361791456882912
9.95741262545202,271.3985816187059,0.07900001129762879,-1.4028254433336218,1.4598383964707455
10.338159352365821,274.27737676312466,0.08002266516555925,-1.478629661293968,1.548553619513714
10.703730810720838,278.01558901622116,0.07976700169857665,-1.544846499242466,1.6246135009410425
10.919259444006826,279.38421885747005,0.07963916996508533,-1.6012202937121331,1.6921086562244536
11.156792568508003,280.95030883585963,0.07925567476461141,-1.6468562225685304,1.7515504122979122
11.164006772958954,282.6671770226342,0.07951133823159402,-1.6813707906111837,1.7973141728878006
11.433016437243113,284.4975692146323,0.08027832863254188,-1.7060423151750062,1.8357915246686844
11.380131647610392,284.5657676401618,0.0791278430311201,-1.7213821231939632,1.8580342462961723
11.470087183736869,286.25698556331076,0.07900001129762879,-1.7264953925336155,1.8770811745863774
11.465274028767597,285.26031267254814,0.08027832863254188,-1.7249614117317198,1.8865407228647342
11.193763174817823,285.19040623881165,0.07951133823159402,-1.7240665895972807,1.8862850593977516
11.094937280329546,286.1360181038641,0.07900001129762879,-1.7253449069321938,1.8827057708599948
11.032563226083825,285.01733073329547,0.08040616036603318,-1.7248335799982286,1.8821944439260296
10.737827317070622,283.39367003405846,0.07925567476461141,-1.7239387578637895,1.8823222756595208
10.696422210812958,283.91170951162616,0.07938350649810272,-1.7258562338661592,1.8841119199283993
10.702638124889347,283.536821858532,0.07976700169857665,-1.7244500847977546,1.8862850593977516
10.69396190122493,282.9738005672628,0.07976700169857665,-1.7244500847977546,1.8865407228647342
10.646716240298094,282.78585608098064,0.07976700169857665,-1.7253449069321938,1.8861572276642602
10.672236616708535,282.6001861942648,0.07938350649810272,-1.7253449069321938,1.8814274535250817
10.635194930878262,282.1236937888117,0.07951133823159402,-1.7244500847977546,1.8814274535250817
10.608212121780978,280.88287881502595,0.07963916996508533,-1.7249614117317198,1.8825779391265036
10.56692732550471,280.62232390703366,0.07963916996508533,-1.7250892434652112,1.886924218065208
10.722779030244062,280.1484722720025,0.07963916996508533,-1.7244500847977546,1.8867963863317168
10.687509826720559,279.44503624494297,0.07976700169857665,-1.7247057482647372,1.8833449295274514
10.760843253639731,278.9171456406466,0.07976700169857665,-1.7254727386656852,1.881938780459047
10.75234337494696,277.4582179368903,0.07951133823159402,-1.7244500847977546,1.8821944439260296
10.805293072183833,276.52169283142223,0.07963916996508533,-1.7243222530642635,1.884495415128873
10.880388658429302,275.37332104398956,0.08002266516555925,-1.7257284021326678,1.8862850593977516
11.00136677274952,274.25504959889435,0.07900001129762879,-1.7244500847977546,1.8865407228647342
11.094337141692407,272.87624705119794,0.08002266516555925,-1.724194421330772,1.8859015641972776
11.212144819237215,271.41543054764145,0.08027832863254188,-1.7256005703991764,1.881938780459047
11.299484668313037,269.67572120749236,0.07925567476461141,-1.7250892434652112,1.881938780459047
11.500025358789808,267.7560053829187,0.07900001129762879,-1.724194421330772,1.8828336025934862
11.648174818206465,265.89254597892955,0.08040616036603318,-1.7253449069321938,1.8864128911312428
11.817120548624931,264.74065329761436,0.07976700169857665,-1.7256005703991764,1.8865407228647342
11.936176240496954,264.08981866554586,0.07900001129762879,-1.7243222530642635,1.8864128911312428
12.037528051037697,263.39518774230885,0.07963916996508533,-1.7240665895972807,1.8823222756595208
12.047247767763686,263.0124104507325,0.08027832863254188,-1.7254727386656852,1.8818109487255557
12.09186570391733,262.74622850022433,0.07938350649810272,-1.7253449069321938,1.8824501073930122
12.082866365987863,262.89093492992833,0.07900001129762879,-1.7240665895972807,1.8870520497986993
12.086979487002823,263.2844565323536,0.08027832863254188,-1.7253449069321938,1.886924218065208
12.040179032407467,264.16789269969104,0.08002266516555925,-1.7253449069321938,1.8842397516618905
12.01365453680373,264.69785513080717,0.07900001129762879,-1.7244500847977546,1.8814274535250817
11.848615688912,264.97949188130724,0.07938350649810272,-1.7244500847977546,1.8821944439260296
11.793642393350792,266.16677691009977,0.08078965556650711,-1.7253449069321938,1.8860293959307688
11.745355392801066,267.0215836589268,0.07900001129762879,-1.7253449069321938,1.8864128911312428
11.619041706444492,268.2338569059182,0.0791278430311201,-1.723810926130298,1.8861572276642602
11.530984133143335,269.53774151358294,0.08040616036603318,-1.7256005703991764,1.8814274535250817
11.415945807555037,270.66358933351677,0.07976700169857665,-1.7250892434652112,1.881555285258573
11.281455283554843,271.4175205718585,0.07887217956413749,-1.7240665895972807,1.883600592994434
11.15327606676224,273.0406369726631,0.07951133823159402,-1.7254727386656852,1.8861572276642602
11.113732202255997,274.7071392841018,0.07989483343206795,-1.7254727386656852,1.8861572276642602
10.990028856391092,275.90429228977575,0.0791278430311201,-1.724194421330772,1.8860293959307688
10.883672783205393,277.51193456182756,0.07976700169857665,-1.7244500847977546,1.8818109487255557
10.784620246751436,279.0928898986723,0.07976700169857665,-1.7252170751987026,1.8812996217915905
10.681529392355293,280.0316544905605,0.07963916996508533,-1.7250892434652112,1.883600592994434
10.581552333891597,281.7991527549811,0.07925567476461141,-1.7243222530642635,1.8870520497986993
10.59497245588537,283.7461605340353,0.07963916996508533,-1.724577916531246,1.886924218065208
10.502631169185607,285.19155390726263,0.07989483343206795,-1.7252170751987026,1.881555285258573
10.441174846049227,286.9204642924749,0.07976700169857665,-1.7253449069321938,1.8812996217915905
10.340181327058628,288.039405429854,0.07976700169857665,-1.724577916531246,1.8828336025934862
10.292308700912082,289.82604350925067,0.07938350649810272,-1.723810926130298,1.8860293959307688
10.319992378426326,291.47640923611164,0.07951133823159402,-1.7256005703991764,1.8862850593977516
10.270742405614389,292.93009448345396,0.07989483343206795,-1.7252170751987026,1.8860293959307688
10.258682153153385,294.5478879297424,0.08040616036603318,-1.724194421330772,1.881938780459047
10.236464608101887,296.129461934935,0.07797735742969832,-1.7250892434652112,1.881938780459047
10.192927622227444,297.16471066893985,0.07989483343206795,-1.7249614117317198,1.8825779391265036
10.179312994544015,298.8299806423738,0.0805339920995245,-1.724577916531246,1.8857737324637862
10.255600919218805,300.33141628049447,0.07874434783064617,-1.724577916531246,1.8861572276642602
10.279912929970806,301.7842548383668,0.0791278430311201,-1.7253449069321938,1.8861572276642602
10.297908565950904,303.1135898210433,0.08027832863254188,-1.7247057482647372,1.883984088194908
10.323259063990733,304.47067026184396,0.08002266516555925,-1.7243222530642635,1.8820666121925382
10.293997734679163,305.59670986206197,0.07925567476461141,-1.724577916531246,1.8821944439260296
10.348855856944487,306.9286033947283,0.07925567476461141,-1.7253449069321938,1.8841119199283993
10.385516758818094,308.04788867772163,0.08027832863254188,-1.7252170751987026,1.8865407228647342
10.462175595850207,309.2626842274633,0.07963916996508533,-1.7239387578637895,1.8865407228647342
10.530296509505607,310.5173527504761,0.07861651609715486,-1.7250892434652112,1.8860293959307688
10.589353289966075,311.538722517394,0.08015049689905057,-1.7253449069321938,1.881043958324608
10.581098326554137,312.67569186100616,0.08078965556650711,-1.724577916531246,1.881938780459047
10.6304836355168,313.4983233084649,0.07925567476461141,-1.724194421330772,1.8861572276642602
10.678212283678873,314.3796797179858,0.07951133823159402,-1.7254727386656852,1.8864128911312428
10.807931454435574,315.61549266987174,0.07989483343206795,-1.7253449069321938,1.8861572276642602
10.877605213367076,316.3473313292196,0.07989483343206795,-1.7239387578637895,1.8820666121925382
10.89397824629134,317.2417599253141,0.07963916996508533,-1.7250892434652112,1.8816831169920645
10.904740289169318,317.8935780009882,0.07887217956413749,-1.7252170751987026,1.8832170977939602
10.993456290387824,318.84584014437075,0.08040616036603318,-1.7249614117317198,1.8864128911312428
11.117601660777632,319.51229836599197,0.08040616036603318,-1.7239387578637895,1.8865407228647342
11.19605871223006,320.3418451782702,0.07874434783064617,-1.7254727386656852,1.8862850593977516
11.274164581669451,321.0299272910438,0.07887217956413749,-1.7254727386656852,1.8820666121925382
11.320336959850925,321.8537734704684,0.08091748729999843,-1.724194421330772,1.8820666121925382
11.360172903944523,322.25868836042497,0.07938350649810272,-1.7248335799982286,1.8830892660604688
11.394394066127031,322.9357047044364,0.07874434783064617,-1.7257284021326678,1.8860293959307688
11.525213781286126,323.60531272157584,0.08040616036603318,-1.7244500847977546,1.8865407228647342
11.633874559884012,324.1661633144857,0.08027832863254188,-1.7240665895972807,1.8861572276642602
11.674728828554441,324.6524017686234,0.07874434783064617,-1.7254727386656852,1.8812996217915905
11.72616982939975,325.4177917253346,0.07925567476461141,-1.7250892434652112,1.881555285258573
11.75785386730131,325.6376912526392,0.08027832863254188,-1.7240665895972807,1.884878910329347
11.78951209131084,326.1798016598303,0.0791278430311201,-1.7247057482647372,1.8864128911312428
11.924310616010985,326.7273251064655,0.07925567476461141,-1.7258562338661592,1.8862850593977516
11.992771003567622,327.06192470252165,0.08002266516555925,-1.7240665895972807,1.884878910329347
12.03421659662612,327.4432007418425,0.08015049689905057,-1.7248335799982286,1.881938780459047
12.054943341384485,327.9639569712491,0.0791278430311201,-1.7252170751987026,1.8820666121925382
12.1470303291788,328.2785014870812,0.0791278430311201,-1.7243222530642635,1.8838562564614165
12.176180081078169,328.5999113592875,0.07976700169857665,-1.724577916531246,1.8864128911312428
12.273992383384284,328.9692681307104,0.07989483343206795,-1.7253449069321938,1.8865407228647342
12.37280077773073,329.3582339501266,0.07976700169857665,-1.7250892434652112,1.8857737324637862
12.428481054067282,329.6012224075897,0.07951133823159402,-1.724194421330772,1.8823222756595208
12.449857973667168,330.02629757180335,0.07925567476461141,-1.7250892434652112,1.8820666121925382
12.525739591545195,330.2765508100781,0.08015049689905057,-1.7253449069321938,1.8828336025934862
12.566036516473515,330.5003344328177,0.08040616036603318,-1.724577916531246,1.8857737324637862
12.629458946203233,330.73398656650943,0.07900001129762879,-1.724577916531246,1.8861572276642602
12.74525127458753,331.1035838810478,0.07900001129762879,-1.7249614117317198,1.8861572276642602
12.797943809852738,331.28471553742224,0.08027832863254188,-1.7252170751987026,1.884367583395382
12.836916637806567,331.52775717340955,0.0791278430311201,-1.7250892434652112,1.8816831169920645
12.83143111552988,331.8478797929696,0.07887217956413749,-1.7244500847977546,1.8821944439260296
12.919957292339312,332.041742295089,0.0805339920995245,-1.7248335799982286,1.8850067420628385
12.95583901942363,332.1528935417392,0.07925567476461141,-1.7252170751987026,1.8866685545982254
13.06288978395716,332.44315802278476,0.0791278430311201,-1.7244500847977546,1.8865407228647342
13.129994903086745,332.6247216867464,0.08040616036603318,-1.7248335799982286,1.8833449295274514
13.165769770979773,332.8245984913435,0.07976700169857665,-1.7253449069321938,1.8816831169920645
13.131424917167651,333.0208833691217,0.07861651609715486,-1.7252170751987026,1.8821944439260296
13.22374558366991,333.2552908258951,0.08002266516555925,-1.7243222530642635,1.8853902372633122
13.268350190190871,333.317181870146,0.08002266516555925,-1.7244500847977546,1.8864128911312428
13.341452812963256,333.54976515296175,0.07976700169857665,-1.7252170751987026,1.8862850593977516
13.397522404584144,333.70722613588725,0.07874434783064617,-1.7253449069321938,1.8820666121925382
13.435158470706119,333.92010869458835,0.0806618238330158,-1.724577916531246,1.881555285258573
13.389154208099235,333.9917265223968,0.07989483343206795,-1.7243222530642635,1.8825779391265036
13.440289735102056,334.2425632561729,0.07874434783064617,-1.7247057482647372,1.8861572276642602
13.543282485653448,334.1817565731231,0.0791278430311201,-1.7253449069321938,1.8861572276642602
13.56868113847353,334.3754402671975,0.08015049689905057,-1.7250892434652112,1.8860293959307688
13.634561733532088,334.51988859892526,0.08027832863254188,-1.7239387578637895,1.8824501073930122
13.678986329496317,334.67846082769324,0.0791278430311201,-1.7248335799982286,1.8821944439260296
13.67253398769465,334.6897856899677,0.07874434783064617,-1.7254727386656852,1.8828336025934862
13.69682863739189,334.8898654106231,0.0806618238330158,-1.7244500847977546,1.8862850593977516
13.77995547901256,334.96709796793533,0.07938350649810272,-1.7244500847977546,1.8864128911312428
13.868575790611628,335.0589945188398,0.07874434783064617,-1.7252170751987026,1.8861572276642602
13.861611137629174,335.09930954946174,0.08091748729999843,-1.7252170751987026,1.8818109487255557
13.886732294316847,335.33602496281947,0.07989483343206795,-1.7243222530642635,1.8816831169920645
13.862974016265536,335.2848278386856,0.07848868436366356,-1.724194421330772,1.8827057708599948
13.889670088505282,335.4710490472049,0.08002266516555925,-1.7252170751987026,1.8859015641972776
13.98683863771441,335.4122721070377,0.0806618238330158,-1.7252170751987026,1.8861572276642602
14.009644420077267,335.5708197085031,0.07861651609715486,-1.7248335799982286,1.8860293959307688
14.051927686480335,335.6378991820619,0.07887217956413749,-1.724194421330772,1.8827057708599948
14.080366728600872,335.7319956370863,0.08104531903348973,-1.7247057482647372,1.881555285258573
14.026266479047122,335.744087222499,0.0791278430311201,-1.7258562338661592,1.8824501073930122
14.090711450920164,335.9309776746776,0.07900001129762879,-1.724194421330772,1.8859015641972776
14.15907917190847,335.79302604213973,0.08002266516555925,-1.724194421330772,1.8861572276642602
14.167268710700636,335.9605387215505,0.08002266516555925,-1.7253449069321938,1.8859015641972776
14.229236610888321,336.0408831447306,0.07925567476461141,-1.7253449069321938,1.881938780459047
14.246383041811374,336.0980954138245,0.07900001129762879,-1.724194421330772,1.8818109487255557
14.170698875645122,336.04755452439196,0.07989483343206795,-1.7248335799982286,1.8832170977939602
14.216459001092552,336.26177997970353,0.08015049689905057,-1.7250892434652112,1.8860293959307688
14.30439058349573,336.1786686459077,0.07951133823159402,-1.7250892434652112,1.8861572276642602
14.334935396664237,336.2631446542403,0.07874434783064617,-1.7247057482647372,1.8859015641972776
14.352961813965583,336.3125788322913,0.08027832863254188,-1.724194421330772,1.8818109487255557
14.386574753272114,336.36612134914316,0.0791278430311201,-1.7256005703991764,1.8816831169920645
14.306475553388493,336.36852155485775,0.07900001129762879,-1.7248335799982286,1.8827057708599948
14.354437469356148,336.51070803123406,0.0806618238330158,-1.724194421330772,1.8860293959307688
14.417793171742725,336.3982289017093,0.08015049689905057,-1.7253449069321938,1.8865407228647342
14.456742010594532,336.48918332916327,0.07874434783064617,-1.7250892434652112,1.8860293959307688
14.480629763973518,336.52094495123777,0.07951133823159402,-1.724194421330772,1.8814274535250817
14.493934036962681,336.68078785677005,0.0805339920995245,-1.7248335799982286,1.881555285258573
14.433602884359981,336.55007537814765,0.0791278430311201,-1.7254727386656852,1.884495415128873
14.441151782849031,336.67717935574336,0.0791278430311201,-1.7244500847977546,1.8859015641972776
14.566450252243907,336.69469095644087,0.08091748729999843,-1.7243222530642635,1.8859015641972776
14.564488879171284,336.6420131331736,0.07938350649810272,-1.7247057482647372,1.8859015641972776
14.568126040937006,336.7426569513265,0.07861651609715486,-1.7254727386656852,1.8824501073930122
14.617649966434238,336.82104059088755,0.07989483343206795,-1.7249614117317198,1.8812996217915905
14.552179334821885,336.7821650389884,0.0806618238330158,-1.7243222530642635,1.8833449295274514
14.574982470507726,336.8567282006452,0.07874434783064617,-1.7244500847977546,1.8857737324637862
14.674202946286115,336.79624186535665,0.0791278430311201,-1.7253449069321938,1.8859015641972776
14.656826657383569,336.82688516853284,0.08078965556650711,-1.7244500847977546,1.8859015641972776
14.6860523448775,336.8877660253395,0.07925567476461141,-1.724194421330772,1.8828336025934862
14.716702149184712,336.9162971726445,0.07874434783064617,-1.7256005703991764,1.8816831169920645
14.620954894509358,336.9128961915622,0.08015049689905057,-1.7244500847977546,1.8829614343269774
14.667409435398786,336.99933829692003,0.07989483343206795,-1.7240665895972807,1.8862850593977516
14.724141411746082,336.90706485597724,0.07887217956413749,-1.7256005703991764,1.8864128911312428
14.766180018397328,336.9447202688923,0.07963916996508533,-1.7252170751987026,1.8860293959307688
14.776520978917874,336.9648894805663,0.0806618238330158,-1.7243222530642635,1.8820666121925382
14.772198549230897,337.09867809156555,0.07963916996508533,-1.724194421330772,1.8820666121925382
14.753585824529996,336.9440403641026,0.07836085263017224,-1.7256005703991764,1.8829614343269774
14.742401422944528,337.06119092979725,0.0806618238330158,-1.7256005703991764,1.8860293959307688
14.803887824617075,337.0264510542995,0.07925567476461141,-1.724194421330772,1.8862850593977516
14.845143465067853,337.0697103540718,0.07848868436366356,-1.724194421330772,1.8859015641972776
14.845223304692945,337.04083550243416,0.0805339920995245,-1.7256005703991764,1.8816831169920645
14.841309607342327,337.1846857059055,0.07963916996508533,-1.7258562338661592,1.8816831169920645
14.79537780047882,337.05786910234855,0.07887217956413749,-1.723683094396807,1.8834727612609428
14.808718625151899,337.15647166570864,0.07989483343206795,-1.7253449069321938,1.8862850593977516
14.900349480016423,337.0784329806569,0.07963916996508533,-1.7254727386656852,1.8864128911312428
14.89215329352034,337.0859422611243,0.07925567476461141,-1.7239387578637895,1.8857737324637862
14.902576711748894,337.1157905484458,0.07925567476461141,-1.7247057482647372,1.8820666121925382
14.879123140211021,337.27345661540585,0.08002266516555925,-1.7254727386656852,1.8820666121925382
14.881025554140727,337.129658485325,0.08002266516555925,-1.7244500847977546,1.8834727612609428
14.852721743127843,337.13351824508663,0.07976700169857665,-1.7243222530642635,1.8862850593977516
14.906705767605475,337.1284173383627,0.07861651609715486,-1.7248335799982286,1.8864128911312428
14.954227663563625,337.16662806999767,0.08040616036603318,-1.7254727386656852,1.885645900730295
14.954218640011058,337.1041061116909,0.08027832863254188,-1.7243222530642635,1.8818109487255557
14.895121424882454,337.2775368215515,0.07848868436366356,-1.7243222530642635,1.8820666121925382
14.915607003249661,337.1595969896573,0.07963916996508533,-1.7249614117317198,1.8841119199283993
14.899722085479077,337.17014910750356,0.08117315076698103,-1.7254727386656852,1.8862850593977516
14.971590351852354,337.1445427622579,0.07848868436366356,-1.7243222530642635,1.8861572276642602
14.975688768086652,337.17416748736287,0.07938350649810272,-1.7243222530642635,1.884367583395382
14.991036990699444,337.1667280013659,0.08040616036603318,-1.7254727386656852,1.8814274535250817
14.928237440264413,337.2929858990597,0.07951133823159402,-1.7254727386656852,1.8820666121925382
14.953669576300356,337.2149622239325,0.07861651609715486,-1.723810926130298,1.8859015641972776
14.957170176563157,337.11919641017215,0.08027832863254188,-1.7249614117317198,1.8865407228647342
15.02059684278865,337.19692717404905,0.08015049689905057,-1.7258562338661592,1.8862850593977516
15.035742767474071,337.18490776396374,0.07925567476461141,-1.7243222530642635,1.881938780459047
15.025496224285487,337.2429877398223,0.07874434783064617,-1.7239387578637895,1.881555285258573
14.955822215642813,337.1676594443329,0.07989483343206795,-1.7253449069321938,1.8829614343269774
14.980180851006038,337.26045608570746,0.07989483343206795,-1.7250892434652112,1.8862850593977516
15.041291389684504,337.14946772461855,0.07963916996508533,-1.7244500847977546,1.8862850593977516
15.055084894314605,337.2121718354907,0.07938350649810272,-1.7252170751987026,1.8860293959307688
15.070030300739385,337.1871366325394,0.07951133823159402,-1.7250892434652112,1.8812996217915905
15.059491274798553,337.25113469948934,0.07976700169857665,-1.724194421330772,1.8814274535250817
14.978428971868805,337.14995224177096,0.08015049689905057,-1.7244500847977546,1.883984088194908
15.015362284178284,337.27309030484224,0.07963916996508533,-1.7256005703991764,1.8861572276642602
15.106778937756696,337.173216605264,0.07887217956413749,-1.7254727386656852,1.8861572276642602
15.062103562507357,337.1388195827823,0.07976700169857665,-1.7240665895972807,1.8855180689968036
15.075771767199857,337.21941438976614,0.08027832863254188,-1.7248335799982286,1.8823222756595208
15.060039909913652,337.31659028278534,0.0791278430311201,-1.7252170751987026,1.8820666121925382
15.038035254379736,337.16043474827785,0.07925567476461141,-1.7248335799982286,1.8832170977939602
15.018217683720932,337.1994368961941,0.0806618238330158,-1.7248335799982286,1.8860293959307688
15.081662160851522,337.17879214919486,0.07925567476461141,-1.7247057482647372,1.8861572276642602
15.111051387418627,337.20181160400546,0.07925567476461141,-1.724577916531246,1.8859015641972776
15.110716169042215,337.17313460888147,0.07951133823159402,-1.7248335799982286,1.8823222756595208
15.110382161979254,337.266937096602,0.08027832863254188,-1.7254727386656852,1.8821944439260296
15.080208764543372,337.1688748388648,0.08002266516555925,-1.724194421330772,1.8830892660604688
15.070497117079952,337.2555498837784,0.07887217956413749,-1.724577916531246,1.885645900730295
15.111786983966338,337.1869680012804,0.07989483343206795,-1.7254727386656852,1.8859015641972776
15.143224301320712,337.2179332777562,0.08040616036603318,-1.7252170751987026,1.8859015641972776
15.136144295630555,337.16599829043224,0.07900001129762879,-1.724194421330772,1.883600592994434
15.134695375128151,337.22011190748776,0.07887217956413749,-1.7244500847977546,1.8820666121925382
15.115049133424584,337.1849440186244,0.08283496330236804,-1.7215099549274546,1.8823222756595208
15.118378129518264,337.2548831599367,0.09855826652179903,-1.7065536421089715,1.8634031791028072
15.124593290679405,337.48879183944644,0.12412461322006077,-1.681115127144201,1.840137803607389
14.719751474829955,337.4777147761387,0.15876701299620544,-1.6462170639010738,1.8038335912958574
14.36464240584207,338.1220725805033,0.20453077358609395,-1.59994197637722,1.759348148040882
13.945091178633854,338.2709414693621,0.2611602315227437,-1.5451021627094486,1.701823867969793
13.274249834052592,338.60234003935676,0.32712140600425904,-1.4791409882279332,1.6366296838892256
12.594197879476512,339.2452099915584,0.4029256239646051,-1.402441948133148,1.5595471485939665
11.852847383299547,339.6710969958367,0.4894677075382211,-1.3166668549604799,1.4723659063528938
10.917685131247888,340.3898567667492,0.5859806663241591,-1.2361328628609554,1.3758529475669559
10.05244640623288,341.06551301142395,0.6946376397917716,-1.1662089046412094,1.2688577866347304
9.037482358526251,342.3285325742365,0.811987171136793,-1.1061279899002943,1.1509969283557437
7.810317848687139,343.91555434488237,0.938284923826206,-1.0566571090391579,1.024827007399822
6.693448091021497,346.0427777921434,1.0781328402656978,-1.018179757258274,0.8849790909603302
5.416205681062825,348.62190488071366,1.2225826991108766,-0.9889062902887643,0.7363107849099383
4.167725579929299,354.53929237173577,1.3612801299489465,-0.9692202033311027,0.5702573631047282
3.116454140665665,355.77032313761754,1.4854047431690074,-0.9607833089206763,0.4015194748962007
3.6909660369588955,349.17507076152896,1.5985358273088155,-0.9619337945220982,0.238917509895256
3.880730944026194,348.70885496641944,1.7004177189013887,-0.9628286166565373,0.08705341050758124
3.9054052934848884,347.74651675652217,1.7938627160835352,-0.9614224675881329,-0.05688512140363238
4.382560082884663,346.91801907820286,1.8755471937844816,-0.962317289722572,-0.18599517222985418
4.3984562637912346,350.26112592045655,1.94572681547121,-0.9624451214560633,-0.30717965557961485
4.569853402876563,355.74947217826417,2.0077252062144946,-0.9616781310551155,-0.4180097685165795
4.727808218905574,3.9968153576962875,2.0598805534789486,-0.9614224675881329,-0.5187411745077308
4.8043418086942244,9.397441583362498,2.1011702033966415,-0.9630842801235199,-0.6059224167488033
4.954101530691456,11.863805600684527,2.132105482901538,-0.9615502993216242,-0.6869677357822931
5.055124554573859,14.501709660886226,2.152686391993639,-0.9621894579890807,-0.7579143478699694
5.109254319167452,15.126144798449841,2.1626572672059607,-0.9621894579890807,-0.8172282722099367
5.162485363761435,14.256084713261608,2.164702574941822,-0.9620616262555894,-0.8656764992031427
5.195118899965115,11.758027532924896,2.1644469114748395,-0.9620616262555894,-0.9056878317859223
5.251868020322941,9.529434562735956,2.1620181085385046,-0.9620616262555894,-0.9335551496870276
5.273784463830808,7.071024853597367,2.163040762406435,-0.9620616262555894,-0.9531134049111978
5.3480106417663675,5.476143213678563,2.164702574941822,-0.9620616262555894,-0.9635956070574851
5.390913432207767,4.609934177086066,2.163807752807383,-0.9620616262555894,-0.9630842801235199
5.432130405466386,3.175120047550311,2.1621459402719956,-0.9620616262555894,-0.9609111406541676
5.501419172172003,1.579590254715156,2.163040762406435,-0.9618059627886069,-0.9629564483900286
5.557180230480778,0.8989180790988962,2.1653417336092784,-0.9619337945220982,-0.9624451214560633
5.607052597616625,0.8919661853405144,2.163040762406435,-0.962317289722572,-0.9612946358546416
5.652549750395141,358.91481348060364,2.161762445071522,-0.962317289722572,-0.9618059627886069
5.685718326117094,358.1662744980013,2.1640634162743653,-0.9614224675881329,-0.9625729531895547
5.727498569694704,358.18518363675804,2.164702574941822,-0.9615502993216242,-0.9620616262555894
5.766180821282989,358.1404789442402,2.1631685941399263,-0.9632121118570112,-0.9615502993216242
5.7914280818784,357.8271024454424,2.162273772005487,-0.9612946358546416,-0.962700784923046
5.8222441732880865,357.3950406118067,2.163040762406435,-0.9628286166565373,-0.9625729531895547
5.841171508414295,357.2837145905198,2.1645747432083304,-0.9618059627886069,-0.9611668041211503
5.8630848721812345,357.6588164105028,2.1636799210738915,-0.9616781310551155,-0.9618059627886069
5.8784441921347845,357.58431518169084,2.1624016037389784,-0.9625729531895547,-0.9633399435905026
5.883630284844764,357.3649847990536,2.162273772005487,-0.9619337945220982,-0.9602719819867112
5.899146119082605,357.39118966829,2.1645747432083304,-0.9619337945220982,-0.9635956070574851
5.898565340205489,357.86628664121406,2.164319079741348,-0.9621894579890807,-0.9614224675881329
5.896271096067632,357.8949032289432,2.1616346133380304,-0.9625729531895547,-0.9618059627886069
5.895949276861914,357.7320591478182,2.16252943547247,-0.9614224675881329,-0.9634677753239939
5.893050506441848,357.87179432792936,2.1648304066753132,-0.9620616262555894,-0.961038972387659
5.897827242933433,358.48691551043225,2.1635520893404,-0.962700784923046,-0.9611668041211503
5.883567005040239,358.5198499765168,2.162273772005487,-0.9615502993216242,-0.9634677753239939
5.888070436475708,358.2756362681933,2.1635520893404,-0.9618059627886069,-0.962317289722572
5.887076136097509,358.6583903404016,2.1644469114748395,-0.9629564483900286,-0.9609111406541676
5.877824082415497,0.08319135807872664,2.1629129306729435,-0.9616781310551155,-0.9630842801235199
5.86867063525411,0.076979972657488,2.1624016037389784,-0.9615502993216242,-0.962700784923046
5.863798084047971,0.08728866303305917,2.164319079741348,-0.9624451214560633,-0.9614224675881329
5.854901724199438,0.4098234100308491,2.163935584540874,-0.962700784923046,-0.9616781310551155
5.84393356079546,0.7551783648841117,2.163040762406435,-0.9612946358546416,-0.9628286166565373
5.834773888976267,0.8306022198662636,2.1629129306729435,-0.9619337945220982,-0.9621894579890807
5.8252207172600885,0.9960867612685981,2.1632964258734173,-0.9625729531895547,-0.9614224675881329
5.806943950338113,1.1628562165845455,2.1640634162743653,-0.962317289722572,-0.9618059627886069
5.799705785725901,1.531317657028308,2.163935584540874,-0.961038972387659,-0.962700784923046
5.777660675574484,1.7228916823208498,2.1631685941399263,-0.9630842801235199,-0.962700784923046
5.769821750374357,1.8322016993848989,2.1626572672059607,-0.9616781310551155,-0.9615502993216242
5.7598525088469374,1.9114925112040488,2.1629129306729435,-0.9615502993216242,-0.9618059627886069
5.746556692300793,2.1555496689610547,2.164702574941822,-0.9624451214560633,-0.9624451214560633
5.737780595146444,2.613995974504401,2.1634242576069087,-0.9620616262555894,-0.9619337945220982
5.726560743114081,2.7748392258710832,2.1624016037389784,-0.9620616262555894,-0.9619337945220982
5.715631340125162,2.573169100931866,2.1631685941399263,-0.9620616262555894,-0.9619337945220982
5.702532481692653,2.7749547632769143,2.164319079741348,-0.9620616262555894,-0.9619337945220982
5.690277730736998,3.324374454716539,2.163935584540874,-0.9619337945220982,-0.9625729531895547
5.67286418522031,3.4039473443983694,2.16252943547247,-0.9619337945220982,-0.9619337945220982
5.659029506063704,3.2804422574673135,2.1634242576069087,-0.9619337945220982,-0.961038972387659
5.647833738345682,3.5092137347499923,2.1644469114748395,-0.9620616262555894,-0.9628286166565373
5.643646964200495,4.094854746959402,2.162785098939452,-0.9620616262555894,-0.9630842801235199
5.625678050960388,4.132265913530727,2.1621459402719956,-0.9620616262555894,-0.9609111406541676
5.60477415115495,3.8281536247674355,2.1645747432083304,-0.9621894579890807,-0.9625729531895547
5.599517320029172,4.356849007629418,2.1640634162743653,-0.9621894579890807,-0.962317289722572
5.581604399367543,4.583877351789949,2.1624016037389784,-0.9620616262555894,-0.9616781310551155
5.574788827662405,4.422634405916656,2.1636799210738915,-0.9619337945220982,-0.9628286166565373
5.563575208047104,4.622342023936518,2.1648304066753132,-0.9616781310551155,-0.9619337945220982
5.565188325946952,5.0994761486967235,2.1629129306729435,-0.9624451214560633,-0.9616781310551155
5.54694438611432,5.060625730091371,2.1618902768050132,-0.9628286166565373,-0.9616781310551155
5.531992167016274,4.850849596467515,2.1640634162743653,-0.9614224675881329,-0.9621894579890807
5.527346701552472,5.006846685099671,2.1645747432083304,-0.9620616262555894,-0.9629564483900286
5.5250279885726385,5.815927709621994,2.162273772005487,-0.962700784923046,-0.9620616262555894
5.508412604954869,5.206738090512143,2.1636799210738915,-0.9614224675881329,-0.9609111406541676
5.501654227898052,5.361854444351372,2.1648304066753132,-0.9621894579890807,-0.9628286166565373
5.505188631085275,5.882658622501249,2.1626572672059607,-0.962700784923046,-0.9630842801235199
5.487094900937007,5.735537965931025,2.1624016037389784,-0.9615502993216242,-0.9615502993216242
5.4751968804839235,5.7330919032971215,2.163040762406435,-0.9619337945220982,-0.9612946358546416
5.469671015504183,5.723704703904251,2.1648304066753132,-0.9625729531895547,-0.9625729531895547
5.470019264746931,6.263518652454311,2.1629129306729435,-0.9621894579890807,-0.9628286166565373
5.459981448128591,6.22415615931165,2.1624016037389784,-0.9609111406541676,-0.9609111406541676
5.446799120629483,6.0275626780621785,2.1634242576069087,-0.9624451214560633,-0.9615502993216242
5.437487037463998,6.115596774280272,2.1645747432083304,-0.9624451214560633,-0.9628286166565373
5.44780719270703,6.80817159236325,2.163040762406435,-0.9614224675881329,-0.9621894579890807
5.432254784395663,6.608485715209267,2.16252943547247,-0.962700784923046,-0.9615502993216242
5.4217548519350816,6.492448178148461,2.1636799210738915,-0.9624451214560633,-0.9620616262555894
5.420693953112539,6.7095705180483,2.164702574941822,-0.9612946358546416,-0.9624451214560633
5.418791857909261,6.975783731347894,2.163807752807383,-0.9621894579890807,-0.9619337945220982
5.408991114325601,7.184314707278997,2.1621459402719956,-0.962700784923046,-0.9614224675881329
5.40316328325831,6.962783658497546,2.1629129306729435,-0.9616781310551155,-0.962700784923046
5.394395012134998,6.976375275752974,2.163935584540874,-0.9614224675881329,-0.9620616262555894
5.396610423430919,7.354271434508545,2.163807752807383,-0.9624451214560633,-0.9615502993216242
5.395330792337016,7.456678124094427,2.163040762406435,-0.9624451214560633,-0.9616781310551155
5.380910057527971,7.38764939196246,2.162785098939452,-0.9612946358546416,-0.9625729531895547
5.377607468619685,7.328644409781954,2.1640634162743653,-0.9620616262555894,-0.9625729531895547
5.373114444206397,7.468359154720475,2.1645747432083304,-0.962700784923046,-0.9618059627886069
5.371023879574801,7.862781685434794,2.162785098939452,-0.9619337945220982,-0.9618059627886069
5.3593171381256495,7.609771469526324,2.1626572672059607,-0.9614224675881329,-0.962317289722572
5.353791837409055,7.640983883697608,2.1641912480078567,-0.9624451214560633,-0.962317289722572
5.357127299088379,7.873092989959109,2.1641912480078567,-0.9624451214560633,-0.9619337945220982
5.350274168041202,7.9406727252856095,2.16252943547247,-0.9618059627886069,-0.9612946358546416
5.3494752489638655,8.051717053637569,2.1632964258734173,-0.9616781310551155,-0.962700784923046
5.3344718507787485,8.015782185401578,2.1634242576069087,-0.9624451214560633,-0.9628286166565373
5.337720008751882,7.9992002502729385,2.163807752807383,-0.9619337945220982,-0.9615502993216242
5.3324277661189665,8.207971961739018,2.1640634162743653,-0.9614224675881329,-0.9609111406541676
5.321570112961504,8.415515236161964,2.163040762406435,-0.9625729531895547,-0.9634677753239939
5.318459060786494,8.241429400210722,2.16252943547247,-0.9625729531895547,-0.9618059627886069
5.312383236542131,8.30188291113282,2.1636799210738915,-0.9615502993216242,-0.9611668041211503
5.30651774617609,8.32160695139682,2.1641912480078567,-0.9616781310551155,-0.9615502993216242
5.296762751167307,8.605542418136293,2.1640634162743653,-0.9625729531895547,-0.9628286166565373
5.299083085175703,8.737705057472667,2.1626572672059607,-0.962700784923046,-0.9628286166565373
5.29753108775555,8.597908713092195,2.1626572672059607,-0.9612946358546416,-0.9607833089206763
5.294153277696563,8.581526934227476,2.1632964258734173,-0.9620616262555894,-0.9628286166565373
5.29349108987972,8.620673026459691,2.1645747432083304,-0.9628286166565373,-0.9625729531895547
5.295597142265018,8.970131566009659,2.1632964258734173,-0.9624451214560633,-0.9616781310551155
5.289057240992782,8.989644075183936,2.162785098939452,-0.9611668041211503,-0.9615502993216242
5.283103377456285,8.864858623010374,2.1626572672059607,-0.9620616262555894,-0.962317289722572
5.2781731771132465,8.763821970898121,2.1644469114748395,-0.9629564483900286,-0.9628286166565373
5.280659766985845,9.080585514933954,2.1644469114748395,-0.9616781310551155,-0.9624451214560633
5.278829233161009,9.29691587543798,2.162785098939452,-0.9616781310551155,-0.9602719819867112
5.27499945224925,9.059523500570338,2.16252943547247,-0.9628286166565373,-0.9628286166565373
5.274287345487673,9.119001241198712,2.1640634162743653,-0.9621894579890807,-0.9635956070574851
5.268841995942502,9.083829103258028,2.1644469114748395,-0.9615502993216242,-0.9611668041211503
5.276380807660091,9.348422111948913,2.1629129306729435,-0.9629564483900286,-0.9611668041211503
5.265317785385921,9.341545178608728,2.1626572672059607,-0.9614224675881329,-0.962700784923046
5.261210287436181,9.124360706348098,2.1632964258734173,-0.9612946358546416,-0.9629564483900286
5.253943255560786,9.079812313122678,2.1644469114748395,-0.9628286166565373,-0.9611668041211503
5.259111234288197,9.430193392522911,2.1636799210738915,-0.9616781310551155,-0.9616781310551155
5.246865502511831,9.477510544119141,2.16252943547247,-0.9616781310551155,-0.9633399435905026
5.234830567680517,9.203849944936103,2.16252943547247,-0.9621894579890807,-0.9618059627886069
5.235533600178668,9.242868440029657,2.1641912480078567,-0.9628286166565373,-0.9615502993216242
5.2347618885846385,9.618250355868685,2.1644469114748395,-0.9614224675881329,-0.9614224675881329
5.235050938884989,9.58778743194303,2.16252943547247,-0.9616781310551155,-0.962700784923046
5.2293809000901055,9.625736220273595,2.1624016037389784,-0.962700784923046,-0.962700784923046
5.222711276196987,9.421399772097795,2.1648304066753132,-0.9616781310551155,-0.9614224675881329
5.226032845439064,9.809705272456354,2.1631685941399263,-0.9616781310551155,-0.9611668041211503
5.2246965117913495,9.556130768811041,2.16252943547247,-0.9625729531895547,-0.962700784923046
5.225875117493728,9.535730266163709,2.1632964258734173,-0.9624451214560633,-0.9625729531895547
5.227066527867736,9.515800425533165,2.1641912480078567,-0.9612946358546416,-0.960655477187185
5.2268856152583725,9.78726472451151,2.1634242576069087,-0.9620616262555894,-0.962700784923046
5.224151005066147,9.838580529691747,2.162785098939452,-0.962700784923046,-0.9630842801235199
5.222374652940784,9.628787206382217,2.162785098939452,-0.9616781310551155,-0.9611668041211503
5.22286032674409,9.63062602007378,2.1641912480078567,-0.9614224675881329,-0.9611668041211503
5.225574628013874,9.77849713814058,2.1645747432083304,-0.9624451214560633,-0.962700784923046
5.220457926212235,10.076342256996913,2.1624016037389784,-0.9624451214560633,-0.9621894579890807
5.217594434576535,9.891165405605514,2.1624016037389784,-0.9620616262555894,-0.961038972387659
5.209580447868215,9.76397983295139,2.163935584540874,-0.9615502993216242,-0.9615502993216242
5.202123321245265,9.86761618192932,2.164702574941822,-0.9624451214560633,-0.9630842801235199
5.213483027317847,10.173427276825857,2.1629129306729435,-0.9621894579890807,-0.9619337945220982
5.205125476830437,9.93043051303106,2.1621459402719956,-0.9614224675881329,-0.9611668041211503
5.201782326600652,9.91190769074866,2.1649582384088046,-0.9618059627886069,-0.962317289722572
5.2031536564975776,10.013627544609191,2.163807752807383,-0.962700784923046,-0.9632121118570112
5.208731330130001,10.304801753587524,2.162273772005487,-0.9624451214560633,-0.9618059627886069
5.192567939177433,10.044538674607356,2.163935584540874,-0.9614224675881329,-0.9609111406541676
5.186373647318106,10.17617128329023,2.1641912480078567,-0.9621894579890807,-0.9619337945220982
5.186680218785086,10.331409923581877,2.1624016037389784,-0.962700784923046,-0.9629564483900286
5.186171501577174,10.311241097008793,2.1626572672059607,-0.9615502993216242,-0.9629564483900286
5.176108303759545,10.179863060700185,2.164319079741348,-0.9618059627886069,-0.961038972387659
5.175308449373168,10.205208554077187,2.1648304066753132,-0.9625729531895547,-0.9628286166565373
5.173303427585908,10.486113696956007,2.1616346133380304,-0.9620616262555894,-0.9625729531895547
5.166095999635649,10.019873734424502,2.163935584540874,-0.9612946358546416,-0.9615502993216242
5.166141525161907,10.46613298031524,2.164319079741348,-0.9621894579890807,-0.961038972387659
5.16293348001732,10.402690534086112,2.162785098939452,-0.9625729531895547,-0.9632121118570112
5.15504815581133,10.163993936179732,2.162785098939452,-0.9621894579890807,-0.9619337945220982
5.15198664476235,10.312098439969876,2.164319079741348,-0.9611668041211503,-0.9607833089206763
5.16369876324539,10.601176689552258,2.1631685941399263,-0.9625729531895547,-0.9625729531895547
5.146965903140763,10.380145173859924,2.16252943547247,-0.9620616262555894,-0.9628286166565373
5.1477477616026714,10.350000303383336,2.1649582384088046,-0.9612946358546416,-0.9624451214560633
5.1490328774890175,10.68586296264216,2.1629129306729435,-0.9621894579890807,-0.9611668041211503
5.155450211415152,10.653848174541015,2.162785098939452,-0.9628286166565373,-0.9614224675881329
5.14940880853044,10.558720132038887,2.1629129306729435,-0.961038972387659,-0.9630842801235199
5.150763908731128,10.384706806690879,2.1653417336092784,-0.9625729531895547,-0.9618059627886069
5.151213677719207,10.604378937474376,2.1620181085385046,-0.962700784923046,-0.9614224675881329
5.153185746344018,10.537533324955891,2.163040762406435,-0.9612946358546416,-0.962700784923046
5.145139949278303,10.420362949346565,2.164319079741348,-0.9615502993216242,-0.9625729531895547
5.143761211101132,10.568690130848886,2.163040762406435,-0.9629564483900286,-0.9615502993216242
5.150651728113332,10.462137896230887,2.162785098939452,-0.9616781310551155,-0.9614224675881329
5.143385594919883,10.459830755425822,2.1632964258734173,-0.9616781310551155,-0.9625729531895547
5.143173154924151,10.397273692705317,2.1640634162743653,-0.9628286166565373,-0.9633399435905026
5.140796052098397,10.606706838908812,2.164319079741348,-0.9616781310551155,-0.961038972387659
5.139115960609898,10.694079004702136,2.162273772005487,-0.9615502993216242,-0.9616781310551155
5.126347401312453,10.351038163991985,2.163040762406435,-0.9624451214560633,-0.9621894579890807
5.132017310092028,10.491491778502201,2.164702574941822,-0.9625729531895547,-0.9624451214560633
5.137537864660375,10.737074454479462,2.1636799210738915,-0.9616781310551155,-0.9621894579890807
5.1313048720233345,10.676341822142671,2.161762445071522,-0.9615502993216242,-0.961038972387659
5.1270135791746405,10.215633673612666,2.1640634162743653,-0.962317289722572,-0.9629564483900286
5.134520603311222,10.863665783492124,2.1644469114748395,-0.962700784923046,-0.962700784923046
5.135577701533255,10.89574270039736,2.16252943547247,-0.9614224675881329,-0.9619337945220982
5.130124283520792,10.483433300644323,2.16252943547247,-0.9615502993216242,-0.9615502993216242
5.129516885719284,10.519763539320351,2.1645747432083304,-0.962700784923046,-0.9612946358546416
5.139147778152076,10.865254932228147,2.1635520893404,-0.9620616262555894,-0.9629564483900286
5.136055493669508,10.821249943677737,2.162273772005487,-0.9616781310551155,-0.9625729531895547
5.125692294440572,10.455561471815809,2.163807752807383,-0.9618059627886069,-0.961038972387659
5.131172633183733,10.578753386677457,2.1645747432083304,-0.9628286166565373,-0.9616781310551155
5.132895841656037,10.983558229096056,2.1618902768050132,-0.961038972387659,-0.9629564483900286
5.1250888341943055,10.657162525752074,2.1629129306729435,-0.9625729531895547,-0.9632121118570112
5.12120799760014,10.511669265778984,2.164319079741348,-0.9625729531895547,-0.9603998137202024
5.124089905302683,10.767162386125687,2.164319079741348,-0.9621894579890807,-0.9621894579890807
5.133950175422513,10.89370261153941,2.162785098939452,-0.9611668041211503,-0.9632121118570112
5.122374998053798,10.69249815939907,2.162785098939452,-0.9630842801235199,-0.9616781310551155
5.1280676198451784,10.761023323555778,2.1641912480078567,-0.9621894579890807,-0.9609111406541676
5.124741834127608,10.906644422137035,2.163807752807383,-0.9614224675881329,-0.962700784923046
5.124930609889396,10.89727522257271,2.1629129306729435,-0.9620616262555894,-0.9625729531895547
5.119481233398009,10.732201342738513,2.1629129306729435,-0.9625729531895547,-0.9618059627886069
5.116557063751737,10.779694370873719,2.163807752807383,-0.9625729531895547,-0.9615502993216242
5.115050620135234,10.911196566033736,2.1641912480078567,-0.9609111406541676,-0.9620616262555894
5.109537701027171,10.95259011453607,2.1629129306729435,-0.9625729531895547,-0.9628286166565373
5.110747861654183,10.912839887507923,2.16252943547247,-0.962700784923046,-0.9628286166565373
5.1060522837759805,10.809874094416461,2.1640634162743653,-0.9611668041211503,-0.9597606550527459
5.107674360137427,10.849834167918013,2.1645747432083304,-0.9620616262555894,-0.962317289722572
5.115930839721721,11.146001162276756,2.1626572672059607,-0.962700784923046,-0.9630842801235199
5.115643176441134,10.980857844261665,2.162273772005487,-0.9618059627886069,-0.960655477187185
5.103497303628677,10.742556193072337,2.164702574941822,-0.9618059627886069,-0.9615502993216242
5.105010802666709,10.816929902820542,2.1644469114748395,-0.9618059627886069,-0.9629564483900286
5.114726884912471,10.991857877020728,2.16252943547247,-0.962700784923046,-0.9629564483900286
5.108482550021822,10.930214601478006,2.16252943547247,-0.962317289722572,-0.9609111406541676
5.110215650482737,10.903127537826194,2.163807752807383,-0.9612946358546416,-0.9614224675881329
5.0984102820831385,10.808954673870575,2.1644469114748395,-0.9628286166565373,-0.9628286166565373
5.108747044112716,11.08980526641358,2.1626572672059607,-0.9620616262555894,-0.9632121118570112
5.100916183381323,10.924678242128905,2.1626572672059607,-0.9611668041211503,-0.9607833089206763
5.095944221606636,10.884651125064586,2.1632964258734173,-0.9625729531895547,-0.9618059627886069
5.096774197687119,10.820394729499181,2.164319079741348,-0.962700784923046,-0.9632121118570112
5.098507237538659,11.166942248179842,2.1641912480078567,-0.9614224675881329,-0.961038972387659
5.10459913646641,11.12904048103924,2.1616346133380304,-0.9616781310551155,-0.9615502993216242
5.087251602201934,10.685603317754033,2.1641912480078567,-0.9629564483900286,-0.9628286166565373
5.092357168982755,11.052507100380353,2.164319079741348,-0.9618059627886069,-0.962700784923046
5.094943800165032,11.092114026370492,2.1632964258734173,-0.9616781310551155,-0.9614224675881329
5.091859070656016,11.052776571292881,2.162785098939452,-0.9625729531895547,-0.9616781310551155
5.088154127957426,11.062442444226122,2.162785098939452,-0.9625729531895547,-0.9629564483900286
5.083506743878509,10.999467340564534,2.1632964258734173,-0.9612946358546416,-0.9614224675881329
5.08736839136515,11.023182045140567,2.1648304066753132,-0.9614224675881329,-0.961038972387659
5.091596742213325,11.347511571088267,2.162785098939452,-0.9628286166565373,-0.9629564483900286
5.081417883286195,11.161951039570724,2.16252943547247,-0.962317289722572,-0.9629564483900286
5.079556873997024,10.906571879153908,2.1616346133380304,-0.9584823377178328,-0.9642347657249417
5.090290414349041,11.205757954578898,2.143226843715282,-0.9426312027649105,-0.9827703670811815
5.034690179674538,8.382070682028331,2.1177883287505117,-0.9177040147341053,-1.0080810503124606
5.0070160580499525,5.762343288178968,2.0813562847054885,-0.8820389610900302,-1.0424677866216225
4.991585972514617,1.258210179111509,2.035848187582583,-0.8348690514317373,-1.0870810616100894
5.008106250393925,356.9699278706338,1.9798578883133895,-0.7779839300281048,-1.1442218464807044
5.035298078463562,0.5061417838998743,1.9119792378295046,-0.7112557651456417,-1.211589170030624
5.02834032581012,358.1596760792484,1.8346410390672627,-0.6330227442489608,-1.287776883191444
5.063684400459281,0.6349532663400806,1.7477154602931728,-0.5450745116069404,-1.3753416206329905
5.05014327692742,0.2835709050860623,1.649668520705339,-0.44600491815117616,-1.4544694636641107
5.06504118946469,0.9803475660181628,1.5424176963061311,-0.3388819254854594,-1.527077888287174
5.075377916755859,1.1975000039711168,1.4222558668243008,-0.22076540373949016,-1.5844743366247716
5.071076798233054,1.4973591975627167,1.2950632920004486,-0.09318933371516405,-1.6333060588184516
5.082187952973598,1.935399448224744,1.156877188096344,0.04704207792480161,-1.6716555788658443
5.088278460149941,357.04334039291984,1.0119160023171998,0.19443206664028057,-1.700162055434406
3.7079910227071897,338.2697219147673,0.8780761773517997,0.35409390177092515,-1.7184419933236632
3.081723122370644,305.52265166630707,0.7549742179996694,0.523343116913418,-1.7258562338661592
2.8820566302358577,248.30894943306356,0.6429936194612829,0.6855615867138887,-1.7261118973331417
4.2330241220673805,228.69860897941163,0.5408560644017272,0.8371700226345808,-1.7235552626633155
6.184407903387192,224.66141587615124,0.44920071148845886,0.9785519198759682,-1.7250892434652112
7.457714072651301,222.8594953204847,0.36764406552100387,1.1106021005724902,-1.7258562338661592
8.74297841962384,222.46745456958968,0.2947799774309579,1.2302526031203551,-1.7248335799982286
9.757990446414523,223.06622397491694,0.23393207228909496,1.3392930717884415,-1.723810926130298
10.506737398946573,222.62725561208617,0.18254371542558886,1.440919299914032,-1.7249614117317198
11.176736224824445,220.70008626795416,0.14150972897487876,1.530785008558422,-1.7263675608001243
11.807747809226983,220.6642694844244,0.1114692716044212,1.6096571881225594,-1.724194421330772
12.239532046861447,220.10224044021666,0.09076053077882919,1.681115127144201,-1.7239387578637895
12.704440339662295,219.60740611687532,0.08015049689905057,1.7383837437483074,-1.7247057482647372
12.689800985417936,218.82750695667565,0.07836085263017224,1.788749446743883,-1.7258562338661592
12.910222647480612,218.62910601078144,0.08130098250047235,1.826843303324293,-1.7250892434652112
12.794724804571135,219.79877714067925,0.07823302089668094,1.856244602027294,-1.7239387578637895
12.667643338068547,219.66802486030218,0.07951133823159402,1.8789986505887468,-1.7244500847977546
12.450675920603333,220.460893139138,0.0805339920995245,1.883600592994434,-1.7256005703991764
12.127022241817299,220.65000833470063,0.07887217956413749,1.885645900730295,-1.7247057482647372
11.71484989812202,221.51732957210146,0.07887217956413749,1.8855180689968036,-1.7243222530642635
11.245318972794697,222.1563146964181,0.08078965556650711,1.883984088194908,-1.7256005703991764
10.89191796901945,222.44057025461294,0.0791278430311201,1.8821944439260296,-1.7253449069321938
10.542970564641266,223.01215449967123,0.07900001129762879,1.8828336025934862,-1.7240665895972807
10.243184212276953,223.44779764866914,0.08002266516555925,1.884878910329347,-1.7240665895972807
9.995297570054532,223.74948193728935,0.08027832863254188,1.8855180689968036,-1.7254727386656852
9.801214844661002,223.84493995452868,0.07887217956413749,1.8855180689968036,-1.7252170751987026
9.606402949451825,224.0479850621955,0.07925567476461141,1.885262405529821,-1.7240665895972807
9.432808273731508,224.15641254176325,0.08027832863254188,1.8838562564614165,-1.724577916531246
9.275487757021505,224.1398316179735,0.07963916996508533,1.8824501073930122,-1.7258562338661592
9.127238460719399,224.15323787417793,0.07861651609715486,1.8827057708599948,-1.7247057482647372
9.018493622045082,224.14858004357083,0.08015049689905057,1.8847510785958559,-1.723683094396807
8.919426054859146,224.13345343032833,0.0806618238330158,1.885645900730295,-1.726239729066633
8.869075056651537,223.88980918212062,0.07874434783064617,1.885645900730295,-1.7247057482647372
8.797753899014824,223.81857618494644,0.08015049689905057,1.884878910329347,-1.7235552626633155
8.745533567557203,223.63235931193407,0.08015049689905057,1.8829614343269774,-1.7258562338661592
8.676691881455152,223.4144296245514,0.07887217956413749,1.8825779391265036,-1.7257284021326678
8.626368515838275,223.3331533365037,0.07963916996508533,1.8830892660604688,-1.723683094396807
8.591686548697938,223.13959045960274,0.08027832863254188,1.885645900730295,-1.7252170751987026
8.59006124776683,223.0069265794494,0.07900001129762879,1.8859015641972776,-1.7254727386656852
8.60664097556057,222.63590096042495,0.07938350649810272,1.8857737324637862,-1.7249614117317198
8.598064126637208,222.5287727578396,0.08040616036603318,1.8833449295274514,-1.723427430929824
8.57298842097394,222.25142133746883,0.07887217956413749,1.8824501073930122,-1.7249614117317198
8.540946093865916,222.12500992275454,0.07900001129762879,1.8827057708599948,-1.7258562338661592
8.54554793017006,221.90313968843,0.0806618238330158,1.8847510785958559,-1.7247057482647372
8.566214898470296,221.80093403679948,0.07963916996508533,1.8855180689968036,-1.7235552626633155
8.60494425935944,221.50235241314178,0.07836085263017224,1.8855180689968036,-1.7254727386656852
8.622012360489908,221.3106421050347,0.0805339920995245,1.8850067420628385,-1.7258562338661592
8.64116245856465,221.13513876538966,0.0805339920995245,1.8828336025934862,-1.7243222530642635
8.633196632053235,220.90771502140558,0.07836085263017224,1.8825779391265036,-1.723810926130298
8.634747132721163,220.8308077905251,0.07925567476461141,1.8832170977939602,-1.7254727386656852
8.653664387234477,220.66822649025198,0.0805339920995245,1.8855180689968036,-1.7259840655996503
8.68799768711181,220.5817098590364,0.07976700169857665,1.8859015641972776,-1.7248335799982286
8.740177858617434,220.28301667712864,0.07772169396271571,1.885645900730295,-1.7239387578637895
8.758421415742268,220.2213771975963,0.0806618238330158,1.8832170977939602,-1.7247057482647372
8.76239680156591,219.9798738538268,0.07963916996508533,1.8827057708599948,-1.7258562338661592
8.753750880681162,219.9424433344204,0.07861651609715486,1.8829614343269774,-1.7254727386656852
8.770784840700504,219.82730060800588,0.0805339920995245,1.8850067420628385,-1.722916103995859
8.79738437639093,219.66719409293037,0.07951133823159402,1.885645900730295,-1.7259840655996503
8.861073033228665,219.4733822613461,0.0791278430311201,1.885645900730295,-1.7264953925336155
8.871734013821944,219.46821031193835,0.07925567476461141,1.8846232468623645,-1.7240665895972807
8.89193499292793,219.31800533691577,0.08078965556650711,1.8828336025934862,-1.723810926130298
8.886768347901022,219.14175871220104,0.07963916996508533,1.8827057708599948,-1.7257284021326678
8.914406086215134,219.0729736878788,0.07874434783064617,1.8833449295274514,-1.7254727386656852
8.929372058568108,219.00464208596784,0.08002266516555925,1.8853902372633122,-1.723810926130298
8.95738649980821,218.9670739962738,0.08040616036603318,1.8859015641972776,-1.7239387578637895
9.014380285461323,218.70384142340555,0.0791278430311201,1.8857737324637862,-1.7261118973331417
9.033156831433482,218.6747250996395,0.07900001129762879,1.883600592994434,-1.7248335799982286
9.039309620385275,218.53683776466687,0.08040616036603318,1.8823222756595208,-1.7240665895972807
9.018224035122723,218.49585915994047,0.07989483343206795,1.8829614343269774,-1.7240665895972807
9.042539297741474,218.41116289465444,0.07900001129762879,1.885262405529821,-1.7259840655996503
9.075208923884821,218.3772955340688,0.07963916996508533,1.8857737324637862,-1.7253449069321938
9.120877659475127,218.25590672124304,0.08002266516555925,1.885645900730295,-1.7239387578637895
9.136456995313806,218.1538122358061,0.07925567476461141,1.8842397516618905,-1.724577916531246
9.152728540414692,218.0691500573034,0.07925567476461141,1.8824501073930122,-1.7256005703991764
9.138223415287051,217.98576294658366,0.07951133823159402,1.8825779391265036,-1.7256005703991764
9.151256525587595,217.9437688564639,0.07989483343206795,1.8842397516618905,-1.723299599196333
9.17660417913711,217.88245982972927,0.08040616036603318,1.8860293959307688,-1.7261118973331417
9.22725870454731,217.82334072841027,0.07887217956413749,1.8860293959307688,-1.7256005703991764
9.255879128666056,217.72942787937646,0.07900001129762879,1.8842397516618905,-1.7239387578637895
9.263350839221706,217.6396818168009,0.0805339920995245,1.881938780459047,-1.724577916531246
9.233786512587063,217.5520719419777,0.0805339920995245,1.8825779391265036,-1.7258562338661592
9.244692892273763,217.56092641723578,0.07887217956413749,1.8855180689968036,-1.7244500847977546
9.271085891891643,217.6227763072276,0.0791278430311201,1.8859015641972776,-1.7239387578637895
9.317186796481113,217.33249477689543,0.08130098250047235,1.8855180689968036,-1.7259840655996503
9.33755473203259,217.3884474516071,0.07836085263017224,1.8834727612609428,-1.7244500847977546
9.33173800654727,217.30940260234962,0.0791278430311201,1.8827057708599948,-1.7240665895972807
9.313830324188848,217.26639980195085,0.08027832863254188,1.8828336025934862,-1.7259840655996503
9.33306678999268,217.19681808519616,0.07887217956413749,1.8846232468623645,-1.7253449069321938
9.350295954450845,217.176799097677,0.07976700169857665,1.8859015641972776,-1.723810926130298
9.393331651011858,217.14486776365277,0.08040616036603318,1.8857737324637862,-1.724577916531246
9.399518263179074,217.04631042600445,0.07861651609715486,1.8842397516618905,-1.7258562338661592
9.41080024527024,216.97021106650357,0.07963916996508533,1.8828336025934862,-1.7250892434652112
9.388840302327132,216.96243467078878,0.08027832863254188,1.8827057708599948,-1.723810926130298
9.391962615820514,216.93411189483962,0.07976700169857665,1.883600592994434,-1.7258562338661592
9.40406541152608,216.86944099005694,0.07925567476461141,1.8855180689968036,-1.7252170751987026
9.437061088819721,216.92411802583027,0.07874434783064617,1.8857737324637862,-1.7244500847977546
9.460140937417174,216.78347286167005,0.08040616036603318,1.8853902372633122,-1.7247057482647372
9.469674540217925,216.77829702882812,0.08015049689905057,1.8830892660604688,-1.7252170751987026
9.462503638455475,216.67180645555146,0.07900001129762879,1.8829614343269774,-1.7253449069321938
9.442618110159968,216.6911338551831,0.07989483343206795,1.8830892660604688,-1.7240665895972807
9.45569839684029,216.61432825635575,0.08015049689905057,1.8841119199283993,-1.7244500847977546
9.4710704577158,216.5731844391993,0.07976700169857665,1.8855180689968036,-1.7252170751987026
9.501193721736785,216.61847401654762,0.07874434783064617,1.8855180689968036,-1.7254727386656852
9.506867659505424,216.51565734539003,0.08002266516555925,1.8851345737963296,-1.7249614117317198
9.518265501093476,216.47796915280833,0.08015049689905057,1.883600592994434,-1.7235552626633155
9.515027131617956,216.4000104105993,0.07951133823159402,1.8825779391265036,-1.7248335799982286
9.492830724661525,216.39571881921293,0.07861651609715486,1.8828336025934862,-1.7259840655996503
9.503821232965137,216.3564277128151,0.08040616036603318,1.8851345737963296,-1.7253449069321938
9.51065846908479,216.38158623387312,0.08104531903348973,1.8859015641972776,-1.723683094396807
9.564704163987058,216.294939790491,0.07823302089668094,1.8857737324637862,-1.7240665895972807
9.558031803820246,216.32275317647603,0.0791278430311201,1.8834727612609428,-1.727134551201072
9.561822956601281,216.2261448756473,0.08117315076698103,1.8827057708599948,-1.723683094396807
9.52371989653478,216.1900002398751,0.07874434783064617,1.8829614343269774,-1.7248335799982286
9.544620391202644,216.12404018890572,0.07976700169857665,1.884495415128873,-1.7263675608001243
9.546470432241081,216.17176677184918,0.08015049689905057,1.8859015641972776,-1.723683094396807
9.58057414810891,216.1963296816981,0.07900001129762879,1.8857737324637862,-1.7240665895972807
9.583711848794028,216.0745956628093,0.07900001129762879,1.8841119199283993,-1.7259840655996503
9.588726076289936,216.01986171305452,0.08078965556650711,1.8825779391265036,-1.7256005703991764
9.552443488943831,216.00670915936072,0.07887217956413749,1.8827057708599948,-1.7235552626633155
9.558024183895988,216.0253631880485,0.07900001129762879,1.8846232468623645,-1.724577916531246
9.566457667333134,215.97658009933647,0.0806618238330158,1.885645900730295,-1.7261118973331417
9.611471294099593,215.9386316403691,0.07951133823159402,1.885645900730295,-1.724194421330772
9.61303252501065,215.94629162531643,0.07874434783064617,1.8846232468623645,-1.7239387578637895
9.616819611928168,215.89143524594658,0.08015049689905057,1.8827057708599948,-1.7250892434652112
9.590869441025689,215.82669761867663,0.08078965556650711,1.8827057708599948,-1.7261118973331417
9.588126156893614,215.82683606747085,0.07810518916318963,1.883600592994434,-1.7240665895972807
9.595687868274899,215.81902574118305,0.08040616036603318,1.8850067420628385,-1.7235552626633155
9.613430714442487,215.7908723007287,0.08040616036603318,1.8860293959307688,-1.726239729066633
9.649771074222318,215.79399806022067,0.07900001129762879,1.8857737324637862,-1.7244500847977546
9.647187102945496,215.77321744961014,0.07900001129762879,1.8829614343269774,-1.7239387578637895
9.631786740241177,215.6550887059091,0.08027832863254188,1.8823222756595208,-1.7257284021326678
9.613023962664435,215.6984660666984,0.08027832863254188,1.8833449295274514,-1.7257284021326678
9.605496915615543,215.6777964640926,0.07874434783064617,1.885262405529821,-1.723683094396807
9.636717468446431,215.71107013643146,0.07925567476461141,1.885645900730295,-1.724194421330772
9.651651093139742,215.6349633826964,0.0805339920995245,1.8855180689968036,-1.7254727386656852
9.662092338869579,215.62547243536883,0.07976700169857665,1.8841119199283993,-1.7257284021326678
9.656171645609417,215.59518976510142,0.07848868436366356,1.8823222756595208,-1.723683094396807
9.626641082237839,215.5605524183837,0.0806618238330158,1.8827057708599948,-1.723810926130298
9.629249679583593,215.53175139955044,0.08015049689905057,1.8851345737963296,-1.7264953925336155
9.642503246369525,215.64125343130036,0.07836085263017224,1.885645900730295,-1.7244500847977546
9.678457627013405,215.54187109178525,0.08027832863254188,1.8855180689968036,-1.723810926130298
9.67777541202579,215.55591231068786,0.08002266516555925,1.8842397516618905,-1.7250892434652112
9.679553585890554,215.53283248257677,0.07900001129762879,1.8829614343269774,-1.7257284021326678
9.648680668214226,215.49600126110886,0.07938350649810272,1.8828336025934862,-1.7244500847977546
9.65306726805683,215.47601913495416,0.08002266516555925,1.8837284247279253,-1.7239387578637895
9.65206652161277,215.47170051686018,0.08015049689905057,1.885262405529821,-1.7244500847977546
9.67172000331856,215.55667587554697,0.0791278430311201,1.885645900730295,-1.7259840655996503
9.688130660510193,215.4428880547286,0.07887217956413749,1.8855180689968036,-1.7248335799982286
9.691793382937098,215.44254737426246,0.0806618238330158,1.883600592994434,-1.723427430929824
9.68537404609837,215.38444114294884,0.0806618238330158,1.8828336025934862,-1.7261118973331417
9.654963798537901,215.39682984225388,0.07861651609715486,1.8828336025934862,-1.7252170751987026
9.65486579704133,215.3892326850127,0.07900001129762879,1.8838562564614165,-1.723683094396807
9.655445675006096,215.3757582036625,0.0806618238330158,1.885262405529821,-1.7240665895972807
9.684196822518492,215.41610975810988,0.07963916996508533,1.885645900730295,-1.7259840655996503
9.684372504893334,215.38798555402488,0.07848868436366356,1.8853902372633122,-1.7248335799982286
9.686005013688913,215.37484019959803,0.08130098250047235,1.883600592994434,-1.7239387578637895
9.673531098816204,215.26219724033595,0.07989483343206795,1.8825779391265036,-1.7244500847977546
9.65442482080582,215.32587080551866,0.07797735742969832,1.8828336025934862,-1.7267510560005983
9.651040008261536,215.32615361895606,0.08142881423396366,1.884878910329347,-1.723810926130298
9.654714653118079,215.36085541720794,0.07874434783064617,1.885645900730295,-1.723427430929824
9.692524087538528,215.27016600017316,0.07925567476461141,1.8855180689968036,-1.7257284021326678
9.68858667187851,215.29374897613653,0.0805339920995245,1.8846232468623645,-1.726239729066633
9.688450127381252,215.27307972606528,0.07951133823159402,1.8832170977939602,-1.7235552626633155
9.659124774612195,215.19596197006996,0.07887217956413749,1.8828336025934862,-1.7240665895972807
9.671886138212976,215.19664032800887,0.07951133823159402,1.8833449295274514,-1.726239729066633
9.672683480994001,215.22681446099455,0.08027832863254188,1.8847510785958559,-1.7252170751987026
9.684127308959058,215.290197907472,0.08040616036603318,1.8855180689968036,-1.7230439357293503
9.704580073355576,215.20311041788324,0.07861651609715486,1.8855180689968036,-1.7256005703991764
9.700065066040382,215.2393362343557,0.0806618238330158,1.884367583395382,-1.726239729066633
9.7011582186771,215.21041876349094,0.07976700169857665,1.8829614343269774,-1.723427430929824
9.678992196652514,215.18387801546794,0.07874434783064617,1.8825779391265036,-1.723683094396807
9.67016916497005,215.14232071367988,0.07951133823159402,1.883600592994434,-1.726239729066633
9.670387991090982,215.14304132511518,0.0805339920995245,1.8855180689968036,-1.7240665895972807
9.697246909235272,215.21948202911494,0.07900001129762879,1.8857737324637862,-1.7240665895972807
9.712475222075561,215.14817445811218,0.0791278430311201,1.885262405529821,-1.7256005703991764
9.718449304056906,215.17057664392522,0.08015049689905057,1.8828336025934862,-1.7250892434652112
9.70568902520309,215.09818557660105,0.07989483343206795,1.8824501073930122,-1.723810926130298
9.669946716556629,215.16656102059147,0.0791278430311201,1.8833449295274514,-1.724194421330772
9.67553611431034,215.09217060297095,0.07963916996508533,1.8853902372633122,-1.726239729066633
9.694997011797454,215.2022770877003,0.08002266516555925,1.8855180689968036,-1.724194421330772
9.704116518081825,215.10254990232232,0.07887217956413749,1.8853902372633122,-1.7240665895972807
9.707099034841765,215.09221360808735,0.07900001129762879,1.883984088194908,-1.7250892434652112
9.703171926499111,215.09411936185552,0.0806618238330158,1.8820666121925382,-1.7256005703991764
9.66773957651178,214.99869107220985,0.07951133823159402,1.8828336025934862,-1.7249614117317198
9.66683467543028,215.03913890198166,0.07874434783064617,1.8855180689968036,-1.7240665895972807
9.686394581411724,215.1152236082011,0.07938350649810272,1.8859015641972776,-1.7243222530642635
9.719844658119817,215.00077989056604,0.08091748729999843,1.885645900730295,-1.7256005703991764
9.722092744085387,215.02426981865344,0.07938350649810272,1.8830892660604688,-1.7256005703991764
9.707540570162124,215.0124626737117,0.07861651609715486,1.8825779391265036,-1.724194421330772
9.670033397859338,215.00620609505913,0.08002266516555925,1.8830892660604688,-1.724194421330772
9.672550687814812,215.00819313488321,0.08040616036603318,1.8851345737963296,-1.7257284021326678
9.686522869353922,215.00251423487245,0.07900001129762879,1.885645900730295,-1.7257284021326678
9.72505218065856,215.01520815197205,0.0791278430311201,1.8855180689968036,-1.7239387578637895
9.719471496462933,215.0579572584415,0.08027832863254188,1.8841119199283993,-1.723683094396807
9.712567920477344,214.96802208494915,0.0805339920995245,1.8820666121925382,-1.726239729066633
9.682517647510293,214.90002928766708,0.07874434783064617,1.8828336025934862,-1.7256005703991764
9.686089984635501,214.97112851152013,0.07900001129762879,1.8859015641972776,-1.7231717674628415
9.700281880871005,215.07963638261623,0.0805339920995245,1.8860293959307688,-1.7259840655996503
9.738170621021155,214.8815631297919,0.07900001129762879,1.885262405529821,-1.7253449069321938
9.728355347286957,214.95747954792085,0.0791278430311201,1.8821944439260296,-1.7240665895972807
9.694472559771166,214.9499385053531,0.08002266516555925,1.8823222756595208,-1.7244500847977546
9.663446427346942,214.96567055431044,0.08002266516555925,1.884495415128873,-1.7257284021326678
9.681026367194521,214.94779335471313,0.0791278430311201,1.885645900730295,-1.7244500847977546
9.731060985544596,214.92264679878338,0.07887217956413749,1.8855180689968036,-1.7239387578637895
9.728509980940803,215.00748628819247,0.08091748729999843,1.8847510785958559,-1.7249614117317198
9.7338085832047,214.92405608577576,0.0791278430311201,1.8833449295274514,-1.7259840655996503
9.698763279365492,214.8674701570986,0.07900001129762879,1.8832170977939602,-1.7240665895972807
9.718112290981416,214.89310344538765,0.08027832863254188,1.8833449295274514,-1.7239387578637895
9.706000402533565,214.97542453564816,0.0806618238330158,1.883984088194908,-1.7261118973331417
9.702383317713759,214.91452333969377,0.07887217956413749,1.885645900730295,-1.7240665895972807
9.707230846698765,214.91227352375859,0.07887217956413749,1.885645900730295,-1.7240665895972807
9.736902907956813,214.85260702149023,0.0806618238330158,1.884878910329347,-1.7257284021326678
9.734615600671212,214.90870272094665,0.0805339920995245,1.8830892660604688,-1.7249614117317198
9.702807601538613,214.8772556147794,0.07861651609715486,1.8829614343269774,-1.723810926130298
9.701462283035871,214.8392400760671,0.07925567476461141,1.8832170977939602,-1.724577916531246
9.699796658208154,214.90078735088312,0.08091748729999843,1.8846232468623645,-1.7259840655996503
9.70448321488409,214.88418258634678,0.0791278430311201,1.8855180689968036,-1.724194421330772
9.731326880836606,214.9231629204531,0.07874434783064617,1.8855180689968036,-1.724577916531246
9.73250783789391,214.88211629832554,0.08027832863254188,1.884878910329347,-1.7248335799982286
9.729532619972943,214.8806239061248,0.08040616036603318,1.8832170977939602,-1.7250892434652112
9.717088917689434,214.8121966768515,0.0791278430311201,1.8828336025934862,-1.7249614117317198
9.701146578242156,214.84736351403703,0.0791278430311201,1.8830892660604688,-1.7248335799982286
9.695586212765598,214.8786597580536,0.07989483343206795,1.884495415128873,-1.7247057482647372
9.70186488768614,214.85576801024948,0.08040616036603318,1.885645900730295,-1.724577916531246
9.731973410212595,214.89328560380335,0.07925567476461141,1.885645900730295,-1.7247057482647372
9.729637964269674,214.88215170808243,0.07925567476461141,1.884878910329347,-1.7249614117317198
9.728573331740595,214.89572907579858,0.07938350649810272,1.8829614343269774,-1.7250892434652112
9.704671588342732,214.79876558400727,0.0805339920995245,1.8827057708599948,-1.7248335799982286
9.695248166307927,214.81717371701998,0.07963916996508533,1.8834727612609428,-1.724577916531246
9.698761344348782,214.82677225729492,0.07874434783064617,1.8851345737963296,-1.7248335799982286
9.71388584326822,214.8703688772788,0.07938350649810272,1.8853902372633122,-1.7249614117317198
9.729753822840056,214.8331207487487,0.08091748729999843,1.885262405529821,-1.7253449069321938
9.730016987743594,214.81161186432627,0.07963916996508533,1.8847510785958559,-1.724577916531246
9.725393218084468,214.8388667958498,0.07861651609715486,1.8832170977939602,-1.724194421330772
9.710833093081053,214.72882025165296,0.08002266516555925,1.8829614343269774,-1.7258562338661592
9.700757103403214,214.786699912139,0.07414240542495906,1.8829614343269774,-1.7209986279934892
9.714042050769347,214.8892104963453,0.05829127047203678,1.8630196839023334,-1.7061701469084976
9.625972408056107,214.1462205113557,0.03298058724075765,1.8379646641380367,-1.680731631943727
9.364633208019848,214.5591604368038,-0.0029401298703001007,1.8006377979585746,-1.6448109148326693
8.94873046328662,214.31654214723272,-0.051516188596997414,1.7551297008356688,-1.5981523321083417
8.50915021681801,214.33717881322667,-0.1084013100006298,1.698500242899019,-1.5416507059051832
7.912097573008807,214.21582460410644,-0.17500164314960165,1.6295989385472036,-1.4765843535581071
7.220187941624015,214.21778598594656,-0.25118935631042166,1.554433879254314,-1.3995018182628478
6.4567719698737305,213.75379757673832,-0.3400324110868812,1.4680196274141895,-1.3132153981562145
5.595555869603239,213.2794395122334,-0.4374401920072584,1.3872299718476822,-1.2179807567051895
4.69542822998917,213.0313947509696,-0.5458415020078883,1.317945172295393,-1.1120082496408945
4.032262025584598,212.9534021587653,-0.6647250141548053,1.2606765556912867,-0.9932525692274687
3.4909087673434067,212.2002181051528,-0.7934515697805532,1.2121004969645892,-0.8664434896040906
3.096617525354007,210.01510871070533,-0.931254178484184,1.174645799051636,-0.7282573856999858
2.873462019340388,205.72992632568165,-1.0746813834614324,1.1474176398179872,-0.5793334161826111
2.7858476052903933,200.6860999437153,-1.207498554558902,1.1281150480607995,-0.42414569172416233
2.8870399490447345,204.4374542529905,-1.3293221965761195,1.1210843027187776,-0.2551521400486522
3.092041257744189,241.48120408565143,-1.4404079729800667,1.1201894805843384,-0.09037703557835526
3.4128054338846954,263.66373712799805,-1.5442073405750094,1.1231296104546384,0.06327670807819782
6.288402698173447,274.49869148256573,-1.6362461886887516,1.123001778721147,0.2050421005200592
6.910891800974661,285.17477534988865,-1.7184419933236632,1.1201894805843384,0.3363252908156332
7.894437318383816,288.8465066558943,-1.7919452400811657,1.1203173123178296,0.46134472617013317
8.851855811358485,292.7488097738881,-1.8522818182890635,1.1212121344522687,0.5711521852391673
9.25626682057089,295.32101821115066,-1.9032866799520956,1.1224904517871819,0.6702217786949316
9.659112733756347,297.4671192208604,-1.9439371712023317,1.1227461152541645,0.7600874873393216
10.03915868013012,299.12132008694897,-1.9742332920397718,1.1226182835206733,0.8426667871747071
10.246497256468684,300.43456282463524,-1.9940472107309248,1.122106956586708,0.9160422021987183
10.580193163047413,300.6799283682542,-2.003634590742773,1.1205729757848122,0.975100463071703
11.304723650697806,298.847225894317,-2.0052964032781597,1.1203173123178296,1.0229095313974523
11.633725454300945,298.1582531826666,-2.0051685715446688,1.1205729757848122,1.0647105082491104
11.73114607774031,298.0909819294785,-2.0026119368748425,1.1212121344522687,1.0911716770818112
11.698626981703876,298.0625067449458,-2.0026119368748425,1.1223626200536905,1.1120082496408945
11.568807994675083,297.782868688258,-2.0042737494102294,1.1228739469876559,1.1215956296527427
11.340175425174449,297.039860768739,-2.0050407398111774,1.1228739469876559,1.123001778721147
11.080384355937992,296.33450726960797,-2.0051685715446688,1.1226182835206733,1.123001778721147
10.82123071215614,295.46870192924905,-2.0038902542097556,1.1199338171173556,1.1228739469876559
10.562382190632022,294.60788174925517,-2.002739768608334,1.119678153650373,1.1218512931197253
10.372144214270826,293.9365583151261,-2.002867600341825,1.1201894805843384,1.1190389949829165
10.148355087555725,293.14180732686805,-2.004529412877212,1.1219791248532167,1.1190389949829165
9.998733831460315,292.4794139824878,-2.0052964032781597,1.123385273921621,1.119678153650373
9.8473623132625,291.6350886915473,-2.0051685715446688,1.1235131056551124,1.1253027499239907
9.742907097441819,291.1429056517266,-2.002867600341825,1.123001778721147,1.1258140768579559
9.735341979018859,290.9895312567894,-2.002739768608334,1.119294658449899,1.1228739469876559
9.613833682398784,290.28733836111996,-2.003251095542299,1.1194224901833905,1.1182720045819687
9.476939352900803,289.649966109877,-2.004912908077686,1.1203173123178296,1.1185276680489513
9.480574217973254,289.64630599917155,-2.0050407398111774,1.1235131056551124,1.1198059853838644
9.41743431352637,288.8639216766593,-2.004912908077686,1.1236409373886036,1.1240244325890776
9.406330601566165,288.6025640321841,-2.0023562734078597,1.1232574421881298,1.1244079277895516
9.43374155049844,288.5420441800715,-2.0029954320753163,1.1194224901833905,1.1242800960560602
9.409359960518142,288.40273186066565,-2.0047850763441946,1.119294658449899,1.1185276680489513
9.382831000252668,288.32279821558967,-2.005424235011651,1.1201894805843384,1.11839983631546
9.305312497089833,287.7262844326633,-2.004912908077686,1.123385273921621,1.1189111632494253
9.329384212491151,287.82880273225567,-2.0026119368748425,1.124152264322569,1.1240244325890776
9.383842289702294,287.4035331028003,-2.002739768608334,1.1236409373886036,1.124152264322569
9.421412650995109,287.65195650008616,-2.004529412877212,1.118783331515934,1.124152264322569
9.377203554404858,287.61696718809407,-2.005424235011651,1.1191668267164079,1.1226182835206733
9.410952944072491,287.64195073200574,-2.0051685715446688,1.1214677979192513,1.118783331515934
9.39826444760574,287.62464468234856,-2.0023562734078597,1.1235131056551124,1.1189111632494253
9.454768922098825,287.29185402326425,-2.002484105141351,1.1236409373886036,1.1195503219168819
9.456267928133299,287.13038646641576,-2.004401581143721,1.123001778721147,1.1247914229900255
9.492172442639475,287.17245098389935,-2.0052964032781597,1.118783331515934,1.1246635912565341
9.521071394442362,287.5503586079552,-2.0052964032781597,1.1190389949829165,1.1232574421881298
9.553499891161138,287.7797961057487,-2.0023562734078597,1.1210843027187776,1.1180163411149862
9.500720075450538,287.39519596453033,-2.0023562734078597,1.1242800960560602,1.1186554997824427
9.551679887817158,287.18185578485776,-2.0042737494102294,1.1240244325890776,1.1238966008555862
9.563615987270346,287.01238408448773,-2.0055520667451425,1.1190389949829165,1.1246635912565341
9.62016715036927,287.4494317691738,-2.005424235011651,1.1190389949829165,1.1244079277895516
9.642635761274528,287.7325216933685,-2.0023562734078597,1.1199338171173556,1.1182720045819687
9.654023567661119,287.66925238852724,-2.002484105141351,1.1232574421881298,1.11839983631546
9.646731217308295,287.1457869724013,-2.0042737494102294,1.1235131056551124,1.1190389949829165
9.68310511964637,287.38214133956023,-2.0052964032781597,1.1232574421881298,1.124152264322569
9.735312856857362,287.4425640890991,-2.0052964032781597,1.1199338171173556,1.1246635912565341
9.760369052100804,287.8266466149285,-2.0022284416743683,1.119294658449899,1.1245357595230427
9.803822563385577,288.06700148264355,-2.002484105141351,1.1199338171173556,1.1194224901833905
9.81884571061119,287.93426626306416,-2.004401581143721,1.1236409373886036,1.1185276680489513
9.803033331342311,287.5059014208711,-2.005424235011651,1.123768769122095,1.1190389949829165
9.820853683304081,287.6006050543367,-2.0052964032781597,1.123385273921621,1.1224904517871819
9.857631212395509,287.6972469837931,-2.0023562734078597,1.1194224901833905,1.1246635912565341
9.92613079241208,287.907667303376,-2.002867600341825,1.1194224901833905,1.1246635912565341
9.931055657706379,288.0455583198665,-2.004529412877212,1.1201894805843384,1.1198059853838644
9.946729697414057,288.2763095812146,-2.0050407398111774,1.123001778721147,1.1180163411149862
9.911285528362615,287.6950592966654,-2.0050407398111774,1.123385273921621,1.1190389949829165
9.937672897541633,287.890124877414,-2.0021006099408774,1.1232574421881298,1.1251749181904993
9.994520954886749,287.89021530086944,-2.0022284416743683,1.1222347883201993,1.1253027499239907
10.054113885131757,288.2167078730284,-2.0050407398111774,1.1190389949829165,1.1238966008555862
10.051225572940702,288.30527646537246,-2.0055520667451425,1.1194224901833905,1.1180163411149862
10.00913684178356,288.1595377817553,-2.004529412877212,1.1236409373886036,1.1185276680489513
10.045455514678645,288.2799203353868,-2.002484105141351,1.124152264322569,1.1222347883201993
10.066386734392461,287.7048011525502,-2.002484105141351,1.1236409373886036,1.123768769122095
10.120413930295129,288.23143258151515,-2.004401581143721,1.1185276680489513,1.1238966008555862
10.121127190546215,288.5092435057996,-2.005424235011651,1.1189111632494253,1.123768769122095
10.129411305345027,288.47499047999037,-2.0052964032781597,1.123385273921621,1.1194224901833905
10.151256035630643,288.66602902448045,-2.0015892830069117,1.1238966008555862,1.1189111632494253
10.143794451661352,287.9745745046314,-2.0031232638088077,1.123768769122095,1.119294658449899
10.16260866964554,288.2210960780481,-2.0055520667451425,1.1195503219168819,1.1210843027187776
10.179189957645669,288.3312093997508,-2.0055520667451425,1.119294658449899,1.1247914229900255
10.217782722612103,288.5942835214404,-2.0022284416743683,1.1198059853838644,1.1246635912565341
10.255026920647838,288.7371824562828,-2.0031232638088077,1.1226182835206733,1.1219791248532167
10.277487386064504,288.7867443140615,-2.0047850763441946,1.1238966008555862,1.1186554997824427
10.233702203544954,288.249681645769,-2.0050407398111774,1.123768769122095,1.1189111632494253
10.266288929266398,288.43709243808405,-2.004912908077686,1.1194224901833905,1.1207008075183036
10.261462942625483,288.43279741617334,-2.0023562734078597,1.1191668267164079,1.124152264322569
10.30645426585687,288.73673636184367,-2.0031232638088077,1.1198059853838644,1.1242800960560602
10.311674091245813,288.77376670350395,-2.004529412877212,1.124152264322569,1.123768769122095
10.32947784245607,288.7173146086494,-2.0050407398111774,1.1242800960560602,1.1182720045819687
10.31090119354783,288.51561766330246,-2.0050407398111774,1.1231296104546384,1.11839983631546
10.315498001662183,288.24264893783464,-2.002484105141351,1.1186554997824427,1.1195503219168819
10.30493971228355,288.56281048682416,-2.0026119368748425,1.119294658449899,1.1244079277895516
10.376510119582493,288.76376280340924,-2.004401581143721,1.1245357595230427,1.1244079277895516
10.391131411849454,288.7415292120619,-2.0051685715446688,1.1245357595230427,1.1232574421881298
10.40456109025785,288.5972188015749,-2.0050407398111774,1.1210843027187776,1.118783331515934
10.390339617957267,288.5234767594261,-2.0029954320753163,1.119294658449899,1.1189111632494253
10.421529191747204,288.7942298071034,-2.0029954320753163,1.119678153650373,1.120061648850847
10.38024404170935,288.58645745560966,-2.0038902542097556,1.1224904517871819,1.1240244325890776
10.419386295189646,288.71670049622367,-2.0050407398111774,1.123768769122095,1.1240244325890776
10.451127275583165,288.7944069424839,-2.0050407398111774,1.123768769122095,1.1238966008555862
10.470431584290449,288.81554859744386,-2.003251095542299,1.1215956296527427,1.1199338171173556
10.462663584997722,288.7686473117318,-2.0026119368748425,1.1191668267164079,1.118783331515934
10.425161112906851,288.69605222303375,-2.004145917676738,1.1195503219168819,1.119294658449899
10.436246386728088,288.7548694572539,-2.004912908077686,1.1217234613862341,1.1217234613862341
10.454406689737109,288.77789331386504,-2.004912908077686,1.1238966008555862,1.1242800960560602
10.505971427822859,288.81175018192755,-2.0042737494102294,1.1238966008555862,1.1242800960560602
10.495168514263954,288.8042972751642,-2.002867600341825,1.1205729757848122,1.1228739469876559
10.518800286468935,288.8360037047054,-2.0031232638088077,1.1190389949829165,1.1189111632494253
10.488397050297904,288.9716534382857,-2.0047850763441946,1.119678153650373,1.1189111632494253
10.47625268395455,288.7811244841439,-2.0050407398111774,1.1232574421881298,1.1198059853838644
10.492985858156297,288.74433831233773,-2.004912908077686,1.123385273921621,1.1238966008555862
10.512784943740352,288.70783021856073,-2.0018449464738945,1.1232574421881298,1.1244079277895516
10.561744436187098,288.9354779179857,-2.0026119368748425,1.1217234613862341,1.1242800960560602
10.581246782012832,288.8296367015188,-2.0050407398111774,1.119294658449899,1.119294658449899
10.549939874104998,288.9702645668507,-2.0052964032781597,1.119678153650373,1.1189111632494253
10.515554532291205,288.6853293151551,-2.004018085943247,1.1213399661857602,1.1194224901833905
10.527133471860434,288.74020529894403,-2.0022284416743683,1.1245357595230427,1.1217234613862341
10.604199330306054,288.5331972192812,-2.0038902542097556,1.124152264322569,1.1245357595230427
10.627721377832938,288.68143802302495,-2.005424235011651,1.1194224901833905,1.1244079277895516
10.56560750993239,288.73371233486995,-2.005424235011651,1.1194224901833905,1.119294658449899
10.626789935634122,289.0063255693483,-2.0022284416743683,1.1201894805843384,1.118783331515934
10.628861171453464,288.6212542768817,-2.002739768608334,1.123385273921621,1.1191668267164079
10.623894868642639,288.7082013476147,-2.0055520667451425,1.1236409373886036,1.1228739469876559
10.626615997615868,288.60536585492144,-2.0055520667451425,1.1232574421881298,1.1236409373886036
10.668814753614287,288.71628571164996,-2.0026119368748425,1.1195503219168819,1.123768769122095
10.671759065899591,288.7374561822904,-2.002867600341825,1.1195503219168819,1.1236409373886036
10.674412654739788,288.800147215342,-2.004529412877212,1.1203173123178296,1.1186554997824427
10.674538802088525,288.9165784246246,-2.0052964032781597,1.1226182835206733,1.1186554997824427
10.64589758656107,288.42941120324934,-2.0042737494102294,1.123385273921621,1.1195503219168819
10.634392445731283,288.4686276936103,-2.0026119368748425,1.123385273921621,1.1235131056551124
10.706933101664141,288.53661216500586,-2.0033789272757905,1.1219791248532167,1.1242800960560602
10.718220696559976,288.619874654914,-2.004912908077686,1.1190389949829165,1.124152264322569
10.692239468437455,288.85405975258027,-2.0050407398111774,1.1195503219168819,1.119678153650373
10.697731212676215,288.85993866219104,-2.004401581143721,1.1238966008555862,1.1180163411149862
10.657611247336362,288.5698155249878,-2.001972778207386,1.1240244325890776,1.119294658449899
10.697429001145412,288.4649543826524,-2.0035067590092814,1.1235131056551124,1.1236409373886036
10.751271309889676,288.55013804547406,-2.0051685715446688,1.119678153650373,1.1238966008555862
10.716869090075864,288.71380807221567,-2.0051685715446688,1.119678153650373,1.123768769122095
10.73586500272667,288.9422440127667,-2.0026119368748425,1.1203173123178296,1.1195503219168819
10.766019016799182,288.9167552030631,-2.002484105141351,1.1231296104546384,1.1186554997824427
10.708311807058577,288.4792688291056,-2.004401581143721,1.123385273921621,1.119294658449899
10.71095424355216,288.5283394807154,-2.0052964032781597,1.1232574421881298,1.1245357595230427
10.74724406444502,288.5474037734714,-2.004401581143721,1.1212121344522687,1.1249192547235167
10.787377994836383,288.82811402726793,-2.0023562734078597,1.1191668267164079,1.123768769122095
10.788093089173678,288.8714609519246,-2.0037624224762642,1.120061648850847,1.1180163411149862
10.736145722939124,288.8197983971993,-2.005424235011651,1.1231296104546384,1.11839983631546
10.754486314268101,288.55698164630087,-2.0052964032781597,1.1235131056551124,1.1218512931197253
10.740233079290435,288.3424374902778,-2.0026119368748425,1.123385273921621,1.1244079277895516
10.82630119038048,288.63859532251655,-2.0031232638088077,1.1213399661857602,1.1245357595230427
10.827987802293826,288.62936312076187,-2.004529412877212,1.1191668267164079,1.1214677979192513
10.802279975459813,288.82806395956356,-2.0047850763441946,1.1198059853838644,1.1191668267164079
10.758902188269271,288.59362408446214,-2.0047850763441946,1.1236409373886036,1.1191668267164079
10.79638805411057,288.68245225761444,-2.002739768608334,1.123768769122095,1.1198059853838644
10.807335786122197,288.3950153403837,-2.0026119368748425,1.123385273921621,1.1232574421881298
10.82291061507787,288.3813838488719,-2.0047850763441946,1.1191668267164079,1.1240244325890776
10.824692322208117,288.63548934322307,-2.0050407398111774,1.1194224901833905,1.1238966008555862
10.850578902095569,288.74400411085946,-2.004018085943247,1.1205729757848122,1.1201894805843384
10.852272405566106,288.7091569456537,-2.002484105141351,1.124152264322569,1.1190389949829165
10.830757113279992,288.24421622785775,-2.003634590742773,1.1238966008555862,1.119294658449899
10.84111135466185,288.4073032593374,-2.0052964032781597,1.1195503219168819,1.1209564709852862
10.822906055273863,288.31580521171406,-2.0052964032781597,1.1191668267164079,1.124152264322569
10.85252577549662,288.61390688142365,-2.002484105141351,1.1199338171173556,1.124152264322569
10.864771015491515,288.62416608601006,-2.0035067590092814,1.1232574421881298,1.1231296104546384
10.88857398652998,288.6217985474538,-2.0051685715446688,1.1235131056551124,1.1186554997824427
10.830780428251831,288.37962621149154,-2.0050407398111774,1.123385273921621,1.1189111632494253
10.837134829953357,288.28100906559155,-2.002867600341825,1.1195503219168819,1.1213399661857602
10.842870397723201,288.12318294004507,-2.0029954320753163,1.1194224901833905,1.1249192547235167
10.905034200050931,288.6336996001697,-2.004529412877212,1.120061648850847,1.1247914229900255
10.891002383133552,288.70437975195387,-2.0047850763441946,1.1224904517871819,1.119678153650373
10.887888448876993,288.6313439783015,-2.0047850763441946,1.1232574421881298,1.1190389949829165
10.869557524319161,288.2535886522331,-2.002867600341825,1.1232574421881298,1.1194224901833905
10.869219306756058,288.29203946147277,-2.0029954320753163,1.1226182835206733,1.1213399661857602
10.89738439142077,288.4633050110316,-2.004401581143721,1.1194224901833905,1.1245357595230427
10.911379881357812,288.59607684689036,-2.004912908077686,1.1194224901833905,1.1244079277895516
10.887592123141397,288.5116789050903,-2.004657244610703,1.1205729757848122,1.119678153650373
10.905726126322229,288.7708464833563,-2.0033789272757905,1.123385273921621,1.1189111632494253
10.911552993399056,288.23371069019373,-2.0031232638088077,1.123385273921621,1.1195503219168819
10.898567892105996,288.2651959880341,-2.004529412877212,1.1228739469876559,1.1223626200536905
10.91071231684175,288.35961398724055,-2.004657244610703,1.120061648850847,1.124152264322569
10.927605435178116,288.490290368515,-2.004657244610703,1.1199338171173556,1.1242800960560602
10.93727204763939,288.5297339705689,-2.0033789272757905,1.120445144051321,1.1218512931197253
10.958037704003392,288.56344939863186,-2.0029954320753163,1.1223626200536905,1.118783331515934
10.921563339370284,288.30991899929217,-2.004401581143721,1.123385273921621,1.1190389949829165
10.943822180300124,288.2881007056083,-2.0050407398111774,1.1232574421881298,1.1214677979192513
10.93592934398329,288.18963670740646,-2.004912908077686,1.1208286392517948,1.123768769122095
10.959914614677938,288.34673762330385,-2.0023562734078597,1.1198059853838644,1.1238966008555862
10.981131124975374,288.520869943982,-2.0033789272757905,1.120061648850847,1.1231296104546384
10.973042120135432,288.4956574459369,-2.0050407398111774,1.1208286392517948,1.11839983631546
10.954583190749176,288.45902799668676,-2.0050407398111774,1.1231296104546384,1.1186554997824427
10.949648585097183,288.14403601606114,-2.002867600341825,1.123385273921621,1.1218512931197253
10.951465131720308,288.0228535003611,-2.003634590742773,1.1231296104546384,1.1242800960560602
11.00423463945119,288.3993024042873,-2.004912908077686,1.1199338171173556,1.124152264322569
10.980929066379925,288.32620309492376,-2.004912908077686,1.119678153650373,1.120445144051321
10.98947260961111,288.46114943401767,-2.0029954320753163,1.1203173123178296,1.1191668267164079
10.973754673981343,288.2467155631004,-2.004018085943247,1.1226182835206733,1.1194224901833905
10.984357266675586,288.35080951462095,-2.004657244610703,1.1231296104546384,1.1212121344522687
10.975834592764585,288.1837480276469,-2.004657244610703,1.1231296104546384,1.1238966008555862
11.01242467351755,288.2230455362215,-2.0031232638088077,1.1214677979192513,1.1238966008555862
11.02945370317119,288.2661472275054,-2.0033789272757905,1.1195503219168819,1.1222347883201993
11.03890530313778,288.47773082060814,-2.004912908077686,1.120061648850847,1.1189111632494253
10.984206185930827,288.24221214015313,-2.0051685715446688,1.1215956296527427,1.1190389949829165
10.98684614847692,288.1585133255252,-2.0033789272757905,1.123768769122095,1.1209564709852862
11.002628461892748,288.0142829968448,-2.002484105141351,1.1235131056551124,1.1235131056551124
11.06744880693335,288.1988762549132,-2.0047850763441946,1.1203173123178296,1.1236409373886036
11.031734385553824,288.153505459087,-2.005424235011651,1.1195503219168819,1.123385273921621
11.04033236146872,288.3578074090558,-2.0023562734078597,1.1201894805843384,1.1199338171173556
11.06348258917961,288.39522277975925,-2.0033789272757905,1.1223626200536905,1.1194224901833905
11.037312554744295,288.0670583807866,-2.0047850763441946,1.1232574421881298,1.1195503219168819
11.037434507553721,287.95966263709977,-2.004912908077686,1.1232574421881298,1.1214677979192513
11.057986425485598,288.03690457575567,-2.0035067590092814,1.1223626200536905,1.1240244325890776
11.099178685947946,288.0793467193485,-2.0029954320753163,1.1195503219168819,1.1240244325890776
11.080775755986945,288.1570270257385,-2.004145917676738,1.1199338171173556,1.1227461152541645
11.091483036302733,288.22839285383003,-2.005424235011651,1.1209564709852862,1.1190389949829165
11.061988160267154,288.15090058923295,-2.0037624224762642,1.123385273921621,1.1191668267164079
11.098361126795767,287.9865328197508,-2.002867600341825,1.123385273921621,1.1212121344522687
11.087248949589991,287.789292267796,-2.004401581143721,1.123001778721147,1.1236409373886036
11.120074001836581,287.96861948286903,-2.0050407398111774,1.1195503219168819,1.123768769122095
11.104659157540373,288.0750917674198,-2.004401581143721,1.1198059853838644,1.1232574421881298
11.115217370835067,288.0566270245938,-2.002484105141351,1.1212121344522687,1.1191668267164079
11.125365745305057,288.1264913817664,-2.0037624224762642,1.1235131056551124,1.1191668267164079
11.107521973838692,287.7331277817147,-2.0050407398111774,1.1232574421881298,1.1199338171173556
11.085486001824837,287.7741505626226,-2.004529412877212,1.1195503219168819,1.123385273921621
11.10670665803515,287.872288389245,-2.002739768608334,1.1195503219168819,1.1242800960560602
11.175522140911182,288.1467592523243,-2.0047850763441946,1.1203173123178296,1.1240244325890776
11.155757708632718,288.0122588806323,-2.0052964032781597,1.124152264322569,1.119294658449899
11.149279733815847,288.05616256488236,-2.003251095542299,1.1240244325890776,1.119294658449899
11.1751843750623,287.68136568592104,-2.003251095542299,1.1199338171173556,1.120061648850847
11.150814838885449,287.56455299964665,-2.004657244610703,1.1195503219168819,1.1224904517871819
11.180950721429339,288.01834676992695,-2.004912908077686,1.1199338171173556,1.124152264322569
11.20558014235367,288.09480151546165,-2.0038902542097556,1.1236409373886036,1.124152264322569
11.196703334074238,287.96967875220514,-2.002739768608334,1.1236409373886036,1.1194224901833905
11.223566586495341,287.8608357624714,-2.0051685715446688,1.123001778721147,1.1189111632494253
11.20336707937805,287.6588741356988,-2.004912908077686,1.1198059853838644,1.1195503219168819
11.18043367963682,287.82357854742816,-2.0029954320753163,1.119678153650373,1.1236409373886036
