Real Incli,Real Orient,Time,Target Incli,Target Orient,PINN Corrected Incli,PINN Corrected Orient,d_alpha_deg,d_beta_deg,theta1_cmd,theta2_cmd,theta3_cmd,encoding_type
15.314043509809258,241.28821666593427,0.02641053200204624,25,180,39.212443874123366,88.24863954844935,14.212444601391061,-1.751359861099352,0.4729004456819982,4.707682165331487,-3.3358927180394855,fourier
27.85485086057039,243.48457502035586,0.07468918200174812,25,180,39.212443874123366,88.24863954844935,14.212444601391061,-1.751359861099352,0.4729004456819982,4.707682165331487,-3.3358927180394855,fourier
49.119377049719866,246.0651614414249,0.12146725400089053,25,180,39.212443874123366,88.24863954844935,14.212444601391061,-1.751359861099352,0.4729004456819982,4.707682165331487,-3.3358927180394855,fourier
70.12289565353659,250.3809747960464,0.16868088499904843,25,180,39.212443874123366,88.24863954844935,14.212444601391061,-1.751359861099352,0.4729004456819982,4.707682165331487,-3.3358927180394855,fourier
47.26635787144022,252.07032655147896,0.216215740001644,25,180,39.212443874123366,88.24863954844935,14.212444601391061,-1.751359861099352,0.4729004456819982,4.707682165331487,-3.3358927180394855,fourier
19.384702632734886,254.8235297674305,0.2639189980000083,25,180,39.212443874123366,88.24863954844935,14.212444601391061,-1.751359861099352,0.4729004456819982,4.707682165331487,-3.3358927180394855,fourier
5.3294933422186475,233.91656520346288,0.3113056100009999,25,180,39.212443874123366,88.24863954844935,14.212444601391061,-1.751359861099352,0.4729004456819982,4.707682165331487,-3.3358927180394855,fourier
3.961048495385899,146.48471401382602,0.3589408080006251,25,180,39.212443874123366,88.24863954844935,14.212444601391061,-1.751359861099352,0.4729004456819982,4.707682165331487,-3.3358927180394855,fourier
7.228831952345977,131.54934501489296,0.4065864190015418,25,180,39.212443874123366,88.24863954844935,14.212444601391061,-1.751359861099352,0.4729004456819982,4.707682165331487,-3.3358927180394855,fourier
10.190837122335546,133.8495578635263,0.4537359079986345,25,180,39.212443874123366,88.24863954844935,14.212444601391061,-1.751359861099352,0.4729004456819982,4.707682165331487,-3.3358927180394855,fourier
13.034300373185339,139.40910953733294,0.5006043060020602,25,180,39.212443874123366,88.24863954844935,14.212444601391061,-1.751359861099352,0.4729004456819982,4.707682165331487,-3.3358927180394855,fourier
15.540571023636776,144.1332726108211,0.5475897629985411,25,180,39.212443874123366,88.24863954844935,14.212444601391061,-1.751359861099352,0.4729004456819982,4.707682165331487,-3.3358927180394855,fourier
18.39596119692899,148.7414114175957,0.594592941000883,25,180,39.212443874123366,88.24863954844935,14.212444601391061,-1.751359861099352,0.4729004456819982,4.707682165331487,-3.3358927180394855,fourier
21.463246622939913,152.81379511129404,0.6415805899996485,25,180,39.212443874123366,88.24863954844935,14.212444601391061,-1.751359861099352,0.4729004456819982,4.707682165331487,-3.3358927180394855,fourier
23.796346670884304,154.91821802669793,0.6891460840015498,25,180,39.212443874123366,88.24863954844935,14.212444601391061,-1.751359861099352,0.4729004456819982,4.707682165331487,-3.3358927180394855,fourier
25.727791294124376,156.92280139602076,0.7366809750019456,25,180,39.212443874123366,88.24863954844935,14.212444601391061,-1.751359861099352,0.4729004456819982,4.707682165331487,-3.3358927180394855,fourier
27.30910493897802,158.14785956832878,0.784280891999515,25,180,39.212443874123366,88.24863954844935,14.212444601391061,-1.751359861099352,0.4729004456819982,4.707682165331487,-3.3358927180394855,fourier
28.065534714224633,158.5827572827266,0.8320461399998749,25,180,39.212443874123366,88.24863954844935,14.212444601391061,-1.751359861099352,0.4729004456819982,4.707682165331487,-3.3358927180394855,fourier
29.558777096959584,159.60376785579186,0.8793266499997117,25,180,39.212443874123366,88.24863954844935,14.212444601391061,-1.751359861099352,0.4729004456819982,4.707682165331487,-3.3358927180394855,fourier
30.270730381664887,160.02761203448367,0.9266315400018357,25,180,39.212443874123366,88.24863954844935,14.212444601391061,-1.751359861099352,0.4729004456819982,4.707682165331487,-3.3358927180394855,fourier
30.641011114102213,160.175434323762,0.9747242049998022,25,180,39.212443874123366,88.24863954844935,14.212444601391061,-1.751359861099352,0.4729004456819982,4.707682165331487,-3.3358927180394855,fourier
30.901515578754484,160.51522712754428,1.0224940459993377,25,180,39.212443874123366,88.24863954844935,14.212444601391061,-1.751359861099352,0.4729004456819982,4.707682165331487,-3.3358927180394855,fourier
31.37230231656907,160.8818305782473,1.0698519100005797,25,180,39.212443874123366,88.24863954844935,14.212444601391061,-1.751359861099352,0.4729004456819982,4.707682165331487,-3.3358927180394855,fourier
30.37285863902673,160.54872617794143,1.1169998020013736,25,180,39.212443874123366,88.24863954844935,14.212444601391061,-1.751359861099352,0.4729004456819982,4.707682165331487,-3.3358927180394855,fourier
29.767241911590265,160.35525537438014,1.1641139690000273,25,180,39.212443874123366,88.24863954844935,14.212444601391061,-1.751359861099352,0.4729004456819982,4.707682165331487,-3.3358927180394855,fourier
29.34393439040057,160.09193685416332,1.2113877209994826,25,180,39.212443874123366,88.24863954844935,14.212444601391061,-1.751359861099352,0.4729004456819982,4.707682165331487,-3.3358927180394855,fourier
29.07037592080272,159.9718773126509,1.2586950650002109,25,180,39.212443874123366,88.24863954844935,14.212444601391061,-1.751359861099352,0.4729004456819982,4.707682165331487,-3.3358927180394855,fourier
28.870811215006782,159.70277515633614,1.30578988599882,25,180,39.212443874123366,88.24863954844935,14.212444601391061,-1.751359861099352,0.4729004456819982,4.707682165331487,-3.3358927180394855,fourier
28.68201932366559,159.11435991977942,1.353136034002091,25,180,39.212443874123366,88.24863954844935,14.212444601391061,-1.751359861099352,0.4729004456819982,4.707682165331487,-3.3358927180394855,fourier
28.592768085246735,158.78475091610014,1.400235318000341,25,180,39.212443874123366,88.24863954844935,14.212444601391061,-1.751359861099352,0.4729004456819982,4.707682165331487,-3.3358927180394855,fourier
28.509525674922184,158.52179745448595,1.4478065190014604,25,180,39.212443874123366,88.24863954844935,14.212444601391061,-1.751359861099352,0.4729004456819982,4.707682165331487,-3.3358927180394855,fourier
28.42505069138655,158.06251478181707,1.4953855169987946,25,180,39.212443874123366,88.24863954844935,14.212444601391061,-1.751359861099352,0.4729004456819982,4.707682165331487,-3.3358927180394855,fourier
28.363679215633866,157.49191322736533,1.5424492839993036,25,180,39.212443874123366,88.24863954844935,14.212444601391061,-1.751359861099352,0.4729004456819982,4.707682165331487,-3.3358927180394855,fourier
28.369526724998693,156.91670087323408,1.589609736998682,25,180,39.212443874123366,88.24863954844935,14.212444601391061,-1.751359861099352,0.4729004456819982,4.707682165331487,-3.3358927180394855,fourier
28.334070339626496,156.26855260264222,1.6373007239999424,25,180,39.212443874123366,88.24863954844935,14.212444601391061,-1.751359861099352,0.4729004456819982,4.707682165331487,-3.3358927180394855,fourier
28.310378293445936,155.555172973582,1.6848237340018386,25,180,39.212443874123366,88.24863954844935,14.212444601391061,-1.751359861099352,0.4729004456819982,4.707682165331487,-3.3358927180394855,fourier
28.328607276699852,154.72046962947886,1.7325033320012153,25,180,39.212443874123366,88.24863954844935,14.212444601391061,-1.751359861099352,0.4729004456819982,4.707682165331487,-3.3358927180394855,fourier
28.381930558827023,154.06663445307612,1.7798494170019694,25,180,39.212443874123366,88.24863954844935,14.212444601391061,-1.751359861099352,0.4729004456819982,4.707682165331487,-3.3358927180394855,fourier
28.41878785415155,153.63860715976423,1.8271208490004938,25,180,39.212443874123366,88.24863954844935,14.212444601391061,-1.751359861099352,0.4729004456819982,4.707682165331487,-3.3358927180394855,fourier
28.47743250315912,153.4339342562205,1.8742193959988072,25,180,39.212443874123366,88.24863954844935,14.212444601391061,-1.751359861099352,0.4729004456819982,4.707682165331487,-3.3358927180394855,fourier
28.528975019214208,153.4105405873538,1.9218154000009235,25,180,39.212443874123366,88.24863954844935,14.212444601391061,-1.751359861099352,0.4729004456819982,4.707682165331487,-3.3358927180394855,fourier
28.578887842917556,153.48895130749844,1.9693941770019592,25,180,39.212443874123366,88.24863954844935,14.212444601391061,-1.751359861099352,0.4729004456819982,4.707682165331487,-3.3358927180394855,fourier
28.633000924830384,153.57532258017423,2.017267090999667,25,180,39.212443874123366,88.24863954844935,14.212444601391061,-1.751359861099352,0.4729004456819982,4.707682165331487,-3.3358927180394855,fourier
28.653730285712733,153.87316026166474,2.0645879129988316,25,180,39.212443874123366,88.24863954844935,14.212444601391061,-1.751359861099352,0.4729004456819982,4.707682165331487,-3.3358927180394855,fourier
28.6795669526814,154.37521267066214,2.1119841219988302,25,180,39.212443874123366,88.24863954844935,14.212444601391061,-1.751359861099352,0.4729004456819982,4.707682165331487,-3.3358927180394855,fourier
28.683510242844907,154.81471795482153,2.1594080009999743,25,180,39.212443874123366,88.24863954844935,14.212444601391061,-1.751359861099352,0.4729004456819982,4.707682165331487,-3.3358927180394855,fourier
28.66231177427766,155.29724698230467,2.206688333000784,25,180,39.212443874123366,88.24863954844935,14.212444601391061,-1.751359861099352,0.4729004456819982,4.707682165331487,-3.3358927180394855,fourier
28.66843177426433,155.7617110511387,2.254455362999579,25,180,39.212443874123366,88.24863954844935,14.212444601391061,-1.751359861099352,0.4729004456819982,4.707682165331487,-3.3358927180394855,fourier
28.66417903355187,156.3268122182537,2.3020425389986485,25,180,39.212443874123366,88.24863954844935,14.212444601391061,-1.751359861099352,0.4729004456819982,4.707682165331487,-3.3358927180394855,fourier
28.628732022434917,156.98115980148245,2.349506794998888,25,180,39.212443874123366,88.24863954844935,14.212444601391061,-1.751359861099352,0.4729004456819982,4.707682165331487,-3.3358927180394855,fourier
28.60862012495142,157.56364792258856,2.397127828000521,25,180,39.212443874123366,88.24863954844935,14.212444601391061,-1.751359861099352,0.4729004456819982,4.707682165331487,-3.3358927180394855,fourier
28.567806107920294,157.98858262097542,2.444515295999736,25,180,39.212443874123366,88.24863954844935,14.212444601391061,-1.751359861099352,0.4729004456819982,4.707682165331487,-3.3358927180394855,fourier
28.526500588284414,158.56144277736396,2.492351962999237,25,180,39.212443874123366,88.24863954844935,14.212444601391061,-1.751359861099352,0.4729004456819982,4.707682165331487,-3.3358927180394855,fourier
28.514295079615845,159.21321207743182,2.540750886000751,25,180,39.212443874123366,88.24863954844935,14.212444601391061,-1.751359861099352,0.4729004456819982,4.707682165331487,-3.3358927180394855,fourier
28.49012602798665,159.81814902450927,2.588649389999773,25,180,39.212443874123366,88.24863954844935,14.212444601391061,-1.751359861099352,0.4729004456819982,4.707682165331487,-3.3358927180394855,fourier
28.425548157912676,160.3203915950292,2.636302254999464,25,180,39.212443874123366,88.24863954844935,14.212444601391061,-1.751359861099352,0.4729004456819982,4.707682165331487,-3.3358927180394855,fourier
28.419077710478597,160.8095207249233,2.683654436001234,25,180,39.212443874123366,88.24863954844935,14.212444601391061,-1.751359861099352,0.4729004456819982,4.707682165331487,-3.3358927180394855,fourier
28.407433925673708,161.3799650329016,2.731664039998577,25,180,39.212443874123366,88.24863954844935,14.212444601391061,-1.751359861099352,0.4729004456819982,4.707682165331487,-3.3358927180394855,fourier
28.360249720834094,161.99637966243012,2.7788205280012335,25,180,39.212443874123366,88.24863954844935,14.212444601391061,-1.751359861099352,0.4729004456819982,4.707682165331487,-3.3358927180394855,fourier
28.342155907564916,162.52748356974672,2.8263376069990045,25,180,39.212443874123366,88.24863954844935,14.212444601391061,-1.751359861099352,0.4729004456819982,4.707682165331487,-3.3358927180394855,fourier
28.314553406020124,162.8966576587712,2.8742036650000955,25,180,39.212443874123366,88.24863954844935,14.212444601391061,-1.751359861099352,0.4729004456819982,4.707682165331487,-3.3358927180394855,fourier
28.298025334607175,163.40981706202317,2.92174151600193,25,180,39.212443874123366,88.24863954844935,14.212444601391061,-1.751359861099352,0.4729004456819982,4.707682165331487,-3.3358927180394855,fourier
28.293734136853438,164.07204574337092,2.9698276439994515,25,180,39.212443874123366,88.24863954844935,14.212444601391061,-1.751359861099352,0.4729004456819982,4.707682165331487,-3.3358927180394855,fourier
28.270271039382333,164.56161157111097,3.0175989310009754,25,180,39.212443874123366,88.24863954844935,14.212444601391061,-1.751359861099352,0.4729004456819982,4.707682165331487,-3.3358927180394855,fourier
28.248413100355947,164.9175275917568,3.0650406499989913,25,180,39.212443874123366,88.24863954844935,14.212444601391061,-1.751359861099352,0.4729004456819982,4.707682165331487,-3.3358927180394855,fourier
28.217976420067867,165.33190464732223,3.1127169860010326,25,180,39.212443874123366,88.24863954844935,14.212444601391061,-1.751359861099352,0.4729004456819982,4.707682165331487,-3.3358927180394855,fourier
28.22767053173218,165.8583462609646,3.160441845000605,25,180,39.212443874123366,88.24863954844935,14.212444601391061,-1.751359861099352,0.4729004456819982,4.707682165331487,-3.3358927180394855,fourier
28.23184082009234,166.3509932015987,3.207988596001087,25,180,39.212443874123366,88.24863954844935,14.212444601391061,-1.751359861099352,0.4729004456819982,4.707682165331487,-3.3358927180394855,fourier
28.202035686764,166.73236684690903,3.2559741709992522,25,180,39.212443874123366,88.24863954844935,14.212444601391061,-1.751359861099352,0.4729004456819982,4.707682165331487,-3.3358927180394855,fourier
28.221154733099898,167.0326300724517,3.304484976000822,25,180,39.212443874123366,88.24863954844935,14.212444601391061,-1.751359861099352,0.4729004456819982,4.707682165331487,-3.3358927180394855,fourier
28.268236251871397,167.49814069301434,3.352001723000285,25,180,39.212443874123366,88.24863954844935,14.212444601391061,-1.751359861099352,0.4729004456819982,4.707682165331487,-3.3358927180394855,fourier
28.23496276890691,167.94624055682274,3.39974905499912,25,180,39.212443874123366,88.24863954844935,14.212444601391061,-1.751359861099352,0.4729004456819982,4.707682165331487,-3.3358927180394855,fourier
28.260315989619944,168.30883859977337,3.4471554209994792,25,180,39.212443874123366,88.24863954844935,14.212444601391061,-1.751359861099352,0.4729004456819982,4.707682165331487,-3.3358927180394855,fourier
28.27791231507884,168.57540009301778,3.4947791949998646,25,180,39.212443874123366,88.24863954844935,14.212444601391061,-1.751359861099352,0.4729004456819982,4.707682165331487,-3.3358927180394855,fourier
28.291902767350965,168.90329140756273,3.5425932819998707,25,180,39.212443874123366,88.24863954844935,14.212444601391061,-1.751359861099352,0.4729004456819982,4.707682165331487,-3.3358927180394855,fourier
28.31895166366399,169.23032232092353,3.5901631000015186,25,180,39.212443874123366,88.24863954844935,14.212444601391061,-1.751359861099352,0.4729004456819982,4.707682165331487,-3.3358927180394855,fourier
28.36161685858833,169.62938703207422,3.6378587290018913,25,180,39.212443874123366,88.24863954844935,14.212444601391061,-1.751359861099352,0.4729004456819982,4.707682165331487,-3.3358927180394855,fourier
28.364159636264247,169.96782422560645,3.686073271001078,25,180,39.212443874123366,88.24863954844935,14.212444601391061,-1.751359861099352,0.4729004456819982,4.707682165331487,-3.3358927180394855,fourier
28.364599204636548,170.13279264116377,3.733747829999629,25,180,39.212443874123366,88.24863954844935,14.212444601391061,-1.751359861099352,0.4729004456819982,4.707682165331487,-3.3358927180394855,fourier
28.41263452370287,170.42696322593665,3.7815994789998513,25,180,39.212443874123366,88.24863954844935,14.212444601391061,-1.751359861099352,0.4729004456819982,4.707682165331487,-3.3358927180394855,fourier
28.451523624936296,170.7957012798598,3.8293240050006716,25,180,39.212443874123366,88.24863954844935,14.212444601391061,-1.751359861099352,0.4729004456819982,4.707682165331487,-3.3358927180394855,fourier
28.475960831189614,171.06059794159918,3.877157867002097,25,180,39.212443874123366,88.24863954844935,14.212444601391061,-1.751359861099352,0.4729004456819982,4.707682165331487,-3.3358927180394855,fourier
28.498076244660485,171.262855675249,3.92474485600178,25,180,39.212443874123366,88.24863954844935,14.212444601391061,-1.751359861099352,0.4729004456819982,4.707682165331487,-3.3358927180394855,fourier
28.544267708314447,171.4828139595858,3.972804560999066,25,180,39.212443874123366,88.24863954844935,14.212444601391061,-1.751359861099352,0.4729004456819982,4.707682165331487,-3.3358927180394855,fourier
28.591944577851585,171.77765692140298,4.020739200001117,25,180,39.212443874123366,88.24863954844935,14.212444601391061,-1.751359861099352,0.4729004456819982,4.707682165331487,-3.3358927180394855,fourier
28.627695548832573,172.05086256859536,4.068718457001523,25,180,39.212443874123366,88.24863954844935,14.212444601391061,-1.751359861099352,0.4729004456819982,4.707682165331487,-3.3358927180394855,fourier
28.667314789947554,172.2894534536216,4.116313310998521,25,180,39.212443874123366,88.24863954844935,14.212444601391061,-1.751359861099352,0.4729004456819982,4.707682165331487,-3.3358927180394855,fourier
28.715920165911783,172.50493209389418,4.164397366999765,25,180,39.212443874123366,88.24863954844935,14.212444601391061,-1.751359861099352,0.4729004456819982,4.707682165331487,-3.3358927180394855,fourier
28.765549539963892,172.73462061526848,4.212478995999845,25,180,39.212443874123366,88.24863954844935,14.212444601391061,-1.751359861099352,0.4729004456819982,4.707682165331487,-3.3358927180394855,fourier
28.797442741102817,172.98201362035115,4.260127378998732,25,180,39.212443874123366,88.24863954844935,14.212444601391061,-1.751359861099352,0.4729004456819982,4.707682165331487,-3.3358927180394855,fourier
28.822620069425955,173.1665434591352,4.308067420999578,25,180,39.212443874123366,88.24863954844935,14.212444601391061,-1.751359861099352,0.4729004456819982,4.707682165331487,-3.3358927180394855,fourier
28.817949324060432,173.172044364717,4.355698268998822,25,180,39.212443874123366,88.24863954844935,14.212444601391061,-1.751359861099352,0.4729004456819982,4.707682165331487,-3.3358927180394855,fourier
28.88038928902413,173.34932330200508,4.403351513999951,25,180,39.212443874123366,88.24863954844935,14.212444601391061,-1.751359861099352,0.4729004456819982,4.707682165331487,-3.3358927180394855,fourier
28.959022413668322,173.64895591602698,4.451427083000453,25,180,39.212443874123366,88.24863954844935,14.212444601391061,-1.751359861099352,0.4729004456819982,4.707682165331487,-3.3358927180394855,fourier
28.981576004482566,173.81316150264067,4.499399284999527,25,180,39.212443874123366,88.24863954844935,14.212444601391061,-1.751359861099352,0.4729004456819982,4.707682165331487,-3.3358927180394855,fourier
28.993603045604853,173.8609388982018,4.547586363998562,25,180,39.212443874123366,88.24863954844935,14.212444601391061,-1.751359861099352,0.4729004456819982,4.707682165331487,-3.3358927180394855,fourier
29.01613740744669,173.9221068680723,4.595315954000398,25,180,39.212443874123366,88.24863954844935,14.212444601391061,-1.751359861099352,0.4729004456819982,4.707682165331487,-3.3358927180394855,fourier
29.079839817193523,174.14038743455555,4.6431908609993116,25,180,39.212443874123366,88.24863954844935,14.212444601391061,-1.751359861099352,0.4729004456819982,4.707682165331487,-3.3358927180394855,fourier
29.140181922059377,174.3492315274004,4.691165510001156,25,180,39.212443874123366,88.24863954844935,14.212444601391061,-1.751359861099352,0.4729004456819982,4.707682165331487,-3.3358927180394855,fourier
29.14659978343621,174.48576868098857,4.7386838650018035,25,180,39.212443874123366,88.24863954844935,14.212444601391061,-1.751359861099352,0.4729004456819982,4.707682165331487,-3.3358927180394855,fourier
29.205939965847787,174.53807506196526,4.786600782001187,25,180,39.212443874123366,88.24863954844935,14.212444601391061,-1.751359861099352,0.4729004456819982,4.707682165331487,-3.3358927180394855,fourier
29.26404883553089,174.69786290727822,4.834651424000185,25,180,39.212443874123366,88.24863954844935,14.212444601391061,-1.751359861099352,0.4729004456819982,4.707682165331487,-3.3358927180394855,fourier
29.300180226165875,174.9011755186101,4.88243390199932,25,180,39.212443874123366,88.24863954844935,14.212444601391061,-1.751359861099352,0.4729004456819982,4.707682165331487,-3.3358927180394855,fourier
29.35470256940361,175.0328961519325,4.930578973999218,25,180,39.212443874123366,88.24863954844935,14.212444601391061,-1.751359861099352,0.4729004456819982,4.707682165331487,-3.3358927180394855,fourier
29.396480800007783,175.12550565807533,4.978219889999309,25,180,39.212443874123366,88.24863954844935,14.212444601391061,-1.751359861099352,0.4729004456819982,4.707682165331487,-3.3358927180394855,fourier
29.437360311186254,175.24153586617945,5.026572177001071,25,180,39.212443874123366,88.24863954844935,14.212444601391061,-1.751359861099352,0.4729004456819982,4.707682165331487,-3.3358927180394855,fourier
29.470495500272897,175.3422421517908,5.0745151129995065,25,180,39.212443874123366,88.24863954844935,14.212444601391061,-1.751359861099352,0.4729004456819982,4.707682165331487,-3.3358927180394855,fourier
29.523244253244776,175.480223933592,5.122968916999525,25,180,39.212443874123366,88.24863954844935,14.212444601391061,-1.751359861099352,0.4729004456819982,4.707682165331487,-3.3358927180394855,fourier
29.56610923345668,175.57368007676877,5.171078172999842,25,180,39.212443874123366,88.24863954844935,14.212444601391061,-1.751359861099352,0.4729004456819982,4.707682165331487,-3.3358927180394855,fourier
29.572714687261016,175.53525571995516,5.21918171300058,25,180,39.212443874123366,88.24863954844935,14.212444601391061,-1.751359861099352,0.4729004456819982,4.707682165331487,-3.3358927180394855,fourier
29.607057184809452,175.61003857678202,5.267273760000535,25,180,39.212443874123366,88.24863954844935,14.212444601391061,-1.751359861099352,0.4729004456819982,4.707682165331487,-3.3358927180394855,fourier
29.678496464052788,175.81455856348674,5.315192643000046,25,180,39.212443874123366,88.24863954844935,14.212444601391061,-1.751359861099352,0.4729004456819982,4.707682165331487,-3.3358927180394855,fourier
29.704588297369984,175.91364653627593,5.363162353001826,25,180,39.212443874123366,88.24863954844935,14.212444601391061,-1.751359861099352,0.4729004456819982,4.707682165331487,-3.3358927180394855,fourier
29.689905621466433,175.9387575798532,5.41135018299974,25,180,39.212443874123366,88.24863954844935,14.212444601391061,-1.751359861099352,0.4729004456819982,4.707682165331487,-3.3358927180394855,fourier
29.774827251292407,175.9613182922818,5.459454054001981,25,180,39.212443874123366,88.24863954844935,14.212444601391061,-1.751359861099352,0.4729004456819982,4.707682165331487,-3.3358927180394855,fourier
29.812871423788398,176.0369608276364,5.507507466998504,25,180,39.212443874123366,88.24863954844935,14.212444601391061,-1.751359861099352,0.4729004456819982,4.707682165331487,-3.3358927180394855,fourier
29.837732081595707,176.13822555652527,5.555601931999263,25,180,39.212443874123366,88.24863954844935,14.212444601391061,-1.751359861099352,0.4729004456819982,4.707682165331487,-3.3358927180394855,fourier
29.874489841667828,176.2129093465666,5.603565714998695,25,180,39.212443874123366,88.24863954844935,14.212444601391061,-1.751359861099352,0.4729004456819982,4.707682165331487,-3.3358927180394855,fourier
29.854866040323714,176.16229339224876,5.651663478001865,25,180,39.212443874123366,88.24863954844935,14.212444601391061,-1.751359861099352,0.4729004456819982,4.707682165331487,-3.3358927180394855,fourier
29.919219638265858,176.20204438776054,5.699981136000133,25,180,39.212443874123366,88.24863954844935,14.212444601391061,-1.751359861099352,0.4729004456819982,4.707682165331487,-3.3358927180394855,fourier
29.978653425352082,176.3563135156604,5.748185520998959,25,180,39.212443874123366,88.24863954844935,14.212444601391061,-1.751359861099352,0.4729004456819982,4.707682165331487,-3.3358927180394855,fourier
30.02053428990326,176.4678620426223,5.796244134999142,25,180,39.212443874123366,88.24863954844935,14.212444601391061,-1.751359861099352,0.4729004456819982,4.707682165331487,-3.3358927180394855,fourier
30.038238238296493,176.51811995048868,5.844039182000415,25,180,39.212443874123366,88.24863954844935,14.212444601391061,-1.751359861099352,0.4729004456819982,4.707682165331487,-3.3358927180394855,fourier
30.06554987381318,176.50631942940643,5.892293335000431,25,180,39.212443874123366,88.24863954844935,14.212444601391061,-1.751359861099352,0.4729004456819982,4.707682165331487,-3.3358927180394855,fourier
30.08486620095812,176.52743993570118,5.940404330998717,25,180,39.212443874123366,88.24863954844935,14.212444601391061,-1.751359861099352,0.4729004456819982,4.707682165331487,-3.3358927180394855,fourier
30.130866698357526,176.65053628924682,5.988702770999225,25,180,39.212443874123366,88.24863954844935,14.212444601391061,-1.751359861099352,0.4729004456819982,4.707682165331487,-3.3358927180394855,fourier
30.15500125037365,176.69335437688272,6.036671409001428,25,180,39.212443874123366,88.24863954844935,14.212444601391061,-1.751359861099352,0.4729004456819982,4.707682165331487,-3.3358927180394855,fourier
30.159017578567788,176.68391316965415,6.084588384001108,25,180,39.212443874123366,88.24863954844935,14.212444601391061,-1.751359861099352,0.4729004456819982,4.707682165331487,-3.3358927180394855,fourier
30.21603905188733,176.69928169251654,6.132845628999348,25,180,39.212443874123366,88.24863954844935,14.212444601391061,-1.751359861099352,0.4729004456819982,4.707682165331487,-3.3358927180394855,fourier
30.249848930638027,176.84844148243312,6.180593389999558,25,180,39.212443874123366,88.24863954844935,14.212444601391061,-1.751359861099352,0.4729004456819982,4.707682165331487,-3.3358927180394855,fourier
30.27846960561286,176.87122185446162,6.228660878001392,25,180,39.212443874123366,88.24863954844935,14.212444601391061,-1.751359861099352,0.4729004456819982,4.707682165331487,-3.3358927180394855,fourier
30.283045652205814,176.83555935873468,6.276978309000697,25,180,39.212443874123366,88.24863954844935,14.212444601391061,-1.751359861099352,0.4729004456819982,4.707682165331487,-3.3358927180394855,fourier
30.310419399682445,176.83494638302778,6.325189395000052,25,180,39.212443874123366,88.24863954844935,14.212444601391061,-1.751359861099352,0.4729004456819982,4.707682165331487,-3.3358927180394855,fourier
30.320080828304235,176.8403985788581,6.373151611998765,25,180,39.212443874123366,88.24863954844935,14.212444601391061,-1.751359861099352,0.4729004456819982,4.707682165331487,-3.3358927180394855,fourier
30.37336795712094,176.9435521489565,6.421782246001385,25,180,39.212443874123366,88.24863954844935,14.212444601391061,-1.751359861099352,0.4729004456819982,4.707682165331487,-3.3358927180394855,fourier
30.418296156104418,177.020463203462,6.470254242001829,25,180,39.212443874123366,88.24863954844935,14.212444601391061,-1.751359861099352,0.4729004456819982,4.707682165331487,-3.3358927180394855,fourier
30.479067132032224,177.10542499503848,6.518523552000261,25,180,39.212443874123366,88.24863954844935,14.212444601391061,-1.751359861099352,0.4729004456819982,4.707682165331487,-3.3358927180394855,fourier
30.50119979246472,177.1529976624747,6.566833857999882,25,180,39.212443874123366,88.24863954844935,14.212444601391061,-1.751359861099352,0.4729004456819982,4.707682165331487,-3.3358927180394855,fourier
30.527369672653425,177.23406956003316,6.615259901001991,25,180,39.212443874123366,88.24863954844935,14.212444601391061,-1.751359861099352,0.4729004456819982,4.707682165331487,-3.3358927180394855,fourier
30.530046919360647,177.2289930011204,6.663340186001733,25,180,39.212443874123366,88.24863954844935,14.212444601391061,-1.751359861099352,0.4729004456819982,4.707682165331487,-3.3358927180394855,fourier
30.542561609404927,177.1398232949066,6.71171154699914,25,180,39.212443874123366,88.24863954844935,14.212444601391061,-1.751359861099352,0.4729004456819982,4.707682165331487,-3.3358927180394855,fourier
30.51796175741831,177.13068447765338,6.759870145000605,25,180,39.212443874123366,88.24863954844935,14.212444601391061,-1.751359861099352,0.4729004456819982,4.707682165331487,-3.3358927180394855,fourier
30.54633633371753,177.1872306405539,6.808670366001024,25,180,39.212443874123366,88.24863954844935,14.212444601391061,-1.751359861099352,0.4729004456819982,4.707682165331487,-3.3358927180394855,fourier
30.544187562154484,177.1380809244431,6.8568586239998695,25,180,39.212443874123366,88.24863954844935,14.212444601391061,-1.751359861099352,0.4729004456819982,4.707682165331487,-3.3358927180394855,fourier
30.553123488815285,177.0786667753653,6.905146123001032,25,180,39.212443874123366,88.24863954844935,14.212444601391061,-1.751359861099352,0.4729004456819982,4.707682165331487,-3.3358927180394855,fourier
30.58550789856352,177.05123735023565,6.953248588000861,25,180,39.212443874123366,88.24863954844935,14.212444601391061,-1.751359861099352,0.4729004456819982,4.707682165331487,-3.3358927180394855,fourier
30.62290029332845,177.08264010211198,7.001208563000546,25,180,39.212443874123366,88.24863954844935,14.212444601391061,-1.751359861099352,0.4729004456819982,4.707682165331487,-3.3358927180394855,fourier
30.677952404524433,177.14822433089805,7.049627999000222,25,180,39.212443874123366,88.24863954844935,14.212444601391061,-1.751359861099352,0.4729004456819982,4.707682165331487,-3.3358927180394855,fourier
30.694286848132837,177.16839385870875,7.097697858000174,25,180,39.212443874123366,88.24863954844935,14.212444601391061,-1.751359861099352,0.4729004456819982,4.707682165331487,-3.3358927180394855,fourier
30.697699758732497,177.0690930973914,7.146348737001972,25,180,39.212443874123366,88.24863954844935,14.212444601391061,-1.751359861099352,0.4729004456819982,4.707682165331487,-3.3358927180394855,fourier
30.720810092267854,177.1001021004032,7.194508576998487,25,180,39.212443874123366,88.24863954844935,14.212444601391061,-1.751359861099352,0.4729004456819982,4.707682165331487,-3.3358927180394855,fourier
30.761184252614157,177.20676550977007,7.242498675001116,25,180,39.212443874123366,88.24863954844935,14.212444601391061,-1.751359861099352,0.4729004456819982,4.707682165331487,-3.3358927180394855,fourier
30.755771446344774,177.22372659926393,7.2906540100011625,25,180,39.212443874123366,88.24863954844935,14.212444601391061,-1.751359861099352,0.4729004456819982,4.707682165331487,-3.3358927180394855,fourier
30.735397427485264,177.16874894693512,7.3387279140006285,25,180,39.212443874123366,88.24863954844935,14.212444601391061,-1.751359861099352,0.4729004456819982,4.707682165331487,-3.3358927180394855,fourier
30.752326372764934,177.13697486105391,7.387351112000033,25,180,39.212443874123366,88.24863954844935,14.212444601391061,-1.751359861099352,0.4729004456819982,4.707682165331487,-3.3358927180394855,fourier
30.760208116148014,177.1220105774469,7.435473632001958,25,180,39.212443874123366,88.24863954844935,14.212444601391061,-1.751359861099352,0.4729004456819982,4.707682165331487,-3.3358927180394855,fourier
30.78338668138527,177.1505664418433,7.483354287000111,25,180,39.212443874123366,88.24863954844935,14.212444601391061,-1.751359861099352,0.4729004456819982,4.707682165331487,-3.3358927180394855,fourier
30.770331319099668,177.13429328627458,7.531517356001132,25,180,39.212443874123366,88.24863954844935,14.212444601391061,-1.751359861099352,0.4729004456819982,4.707682165331487,-3.3358927180394855,fourier
30.808782693608276,177.07980784725777,7.5795785570007865,25,180,39.212443874123366,88.24863954844935,14.212444601391061,-1.751359861099352,0.4729004456819982,4.707682165331487,-3.3358927180394855,fourier
30.823532420365783,177.09315594215926,7.6277219190014875,25,180,39.212443874123366,88.24863954844935,14.212444601391061,-1.751359861099352,0.4729004456819982,4.707682165331487,-3.3358927180394855,fourier
30.86688850282306,177.21503958436048,7.676071910002065,25,180,39.212443874123366,88.24863954844935,14.212444601391061,-1.751359861099352,0.4729004456819982,4.707682165331487,-3.3358927180394855,fourier
30.8638223470692,177.21821899415764,7.724582351002027,25,180,39.212443874123366,88.24863954844935,14.212444601391061,-1.751359861099352,0.4729004456819982,4.707682165331487,-3.3358927180394855,fourier
30.859997756980604,177.22477992049326,7.772712795002008,25,180,39.212443874123366,88.24863954844935,14.212444601391061,-1.751359861099352,0.4729004456819982,4.707682165331487,-3.3358927180394855,fourier
30.870855748302105,177.13716968731157,7.820851161999599,25,180,39.212443874123366,88.24863954844935,14.212444601391061,-1.751359861099352,0.4729004456819982,4.707682165331487,-3.3358927180394855,fourier
30.89246671663769,177.14959141145917,7.870265542998823,25,180,39.212443874123366,88.24863954844935,14.212444601391061,-1.751359861099352,0.4729004456819982,4.707682165331487,-3.3358927180394855,fourier
30.924066539403263,177.2408948561978,7.918633367000439,25,180,39.212443874123366,88.24863954844935,14.212444601391061,-1.751359861099352,0.4729004456819982,4.707682165331487,-3.3358927180394855,fourier
30.934895441655897,177.24596097917453,7.96668444199895,25,180,39.212443874123366,88.24863954844935,14.212444601391061,-1.751359861099352,0.4729004456819982,4.707682165331487,-3.3358927180394855,fourier
30.915397492328534,177.24043677667697,8.016536303999601,25,180,39.212443874123366,88.24863954844935,14.212444601391061,-1.751359861099352,0.4729004456819982,4.707682165331487,-3.3358927180394855,fourier
30.925300392935434,177.15977559406798,8.065138949001266,25,180,39.212443874123366,88.24863954844935,14.212444601391061,-1.751359861099352,0.4729004456819982,4.707682165331487,-3.3358927180394855,fourier
30.922940729095256,177.13338606775682,8.11348695199922,25,180,39.212443874123366,88.24863954844935,14.212444601391061,-1.751359861099352,0.4729004456819982,4.707682165331487,-3.3358927180394855,fourier
30.953386708283148,177.22912189912054,8.161899337999785,25,180,39.212443874123366,88.24863954844935,14.212444601391061,-1.751359861099352,0.4729004456819982,4.707682165331487,-3.3358927180394855,fourier
30.960396985178125,177.2373211542356,8.211449086000357,25,180,39.212443874123366,88.24863954844935,14.212444601391061,-1.751359861099352,0.4729004456819982,4.707682165331487,-3.3358927180394855,fourier
30.99025600460042,177.2602712319049,8.2600942809986,25,180,39.212443874123366,88.24863954844935,14.212444601391061,-1.751359861099352,0.4729004456819982,4.707682165331487,-3.3358927180394855,fourier
30.998284501433684,177.26852094151246,8.308379474001413,25,180,39.212443874123366,88.24863954844935,14.212444601391061,-1.751359861099352,0.4729004456819982,4.707682165331487,-3.3358927180394855,fourier
31.020260250200945,177.30790584339456,8.357128952000494,25,180,39.212443874123366,88.24863954844935,14.212444601391061,-1.751359861099352,0.4729004456819982,4.707682165331487,-3.3358927180394855,fourier
31.001271674293296,177.3801185729348,8.405586517001211,25,180,39.212443874123366,88.24863954844935,14.212444601391061,-1.751359861099352,0.4729004456819982,4.707682165331487,-3.3358927180394855,fourier
31.053759209693233,177.30913018061537,8.455407904999447,25,180,39.212443874123366,88.24863954844935,14.212444601391061,-1.751359861099352,0.4729004456819982,4.707682165331487,-3.3358927180394855,fourier
30.983336199682547,177.09001225232512,8.503828666001937,25,180,39.212443874123366,88.24863954844935,14.212444601391061,-1.751359861099352,0.4729004456819982,4.707682165331487,-3.3358927180394855,fourier
30.99603762393136,177.2785532097452,8.552364733001014,25,180,39.212443874123366,88.24863954844935,14.212444601391061,-1.751359861099352,0.4729004456819982,4.707682165331487,-3.3358927180394855,fourier
31.046920638845005,177.2779275711696,8.601116624999122,25,180,39.212443874123366,88.24863954844935,14.212444601391061,-1.751359861099352,0.4729004456819982,4.707682165331487,-3.3358927180394855,fourier
31.029561106252228,177.3032556208019,8.649640332001582,25,180,39.212443874123366,88.24863954844935,14.212444601391061,-1.751359861099352,0.4729004456819982,4.707682165331487,-3.3358927180394855,fourier
31.017968387535852,177.09450666796963,8.698167141999875,25,180,39.212443874123366,88.24863954844935,14.212444601391061,-1.751359861099352,0.4729004456819982,4.707682165331487,-3.3358927180394855,fourier
31.01573904813344,177.18564962126214,8.74663197100017,25,180,39.212443874123366,88.24863954844935,14.212444601391061,-1.751359861099352,0.4729004456819982,4.707682165331487,-3.3358927180394855,fourier
31.082560563553535,177.37140527534953,8.794741182999132,25,180,39.212443874123366,88.24863954844935,14.212444601391061,-1.751359861099352,0.4729004456819982,4.707682165331487,-3.3358927180394855,fourier
31.058276972842926,177.2393300424021,8.843221677001566,25,180,39.212443874123366,88.24863954844935,14.212444601391061,-1.751359861099352,0.4729004456819982,4.707682165331487,-3.3358927180394855,fourier
31.06389985609636,177.26555798366917,8.891515555998922,25,180,39.212443874123366,88.24863954844935,14.212444601391061,-1.751359861099352,0.4729004456819982,4.707682165331487,-3.3358927180394855,fourier
31.057796143388483,177.32594195239085,8.940142379000463,25,180,39.212443874123366,88.24863954844935,14.212444601391061,-1.751359861099352,0.4729004456819982,4.707682165331487,-3.3358927180394855,fourier
31.074056549822604,177.07590621500833,8.988514502001635,25,180,39.212443874123366,88.24863954844935,14.212444601391061,-1.751359861099352,0.4729004456819982,4.707682165331487,-3.3358927180394855,fourier
31.063507138070094,177.24134412204072,9.037164511999435,25,180,39.212443874123366,88.24863954844935,14.212444601391061,-1.751359861099352,0.4729004456819982,4.707682165331487,-3.3358927180394855,fourier
31.09298184043772,177.2229423792136,9.085586654000508,25,180,39.212443874123366,88.24863954844935,14.212444601391061,-1.751359861099352,0.4729004456819982,4.707682165331487,-3.3358927180394855,fourier
31.0811455638714,177.09680292417235,9.134030428002006,25,180,39.212443874123366,88.24863954844935,14.212444601391061,-1.751359861099352,0.4729004456819982,4.707682165331487,-3.3358927180394855,fourier
31.057095833074,177.08094719479442,9.18232438600171,25,180,39.212443874123366,88.24863954844935,14.212444601391061,-1.751359861099352,0.4729004456819982,4.707682165331487,-3.3358927180394855,fourier
31.117182011056485,177.14516623658483,9.231055215001106,25,180,39.212443874123366,88.24863954844935,14.212444601391061,-1.751359861099352,0.4729004456819982,4.707682165331487,-3.3358927180394855,fourier
31.08802955065585,177.2011191895115,9.281153027000983,25,180,39.212443874123366,88.24863954844935,14.212444601391061,-1.751359861099352,0.4729004456819982,4.707682165331487,-3.3358927180394855,fourier
31.0782182028144,177.1509176139752,9.328708665001614,25,180,39.212443874123366,88.24863954844935,14.212444601391061,-1.751359861099352,0.4729004456819982,4.707682165331487,-3.3358927180394855,fourier
31.103697057466185,177.15015240128392,9.377339755999856,25,180,39.212443874123366,88.24863954844935,14.212444601391061,-1.751359861099352,0.4729004456819982,4.707682165331487,-3.3358927180394855,fourier
31.10429659872157,177.2122306263868,9.426334119001694,25,180,39.212443874123366,88.24863954844935,14.212444601391061,-1.751359861099352,0.4729004456819982,4.707682165331487,-3.3358927180394855,fourier
31.105115216467656,177.13459121578737,9.475324135000847,25,180,39.212443874123366,88.24863954844935,14.212444601391061,-1.751359861099352,0.4729004456819982,4.707682165331487,-3.3358927180394855,fourier
31.111445118356684,177.1782348549962,9.523586947001604,25,180,39.212443874123366,88.24863954844935,14.212444601391061,-1.751359861099352,0.4729004456819982,4.707682165331487,-3.3358927180394855,fourier
31.08184454069879,177.13383132883195,9.57212788600009,25,180,39.212443874123366,88.24863954844935,14.212444601391061,-1.751359861099352,0.4729004456819982,4.707682165331487,-3.3358927180394855,fourier
31.121988246699033,177.0943475271942,9.620381773998815,25,180,39.212443874123366,88.24863954844935,14.212444601391061,-1.751359861099352,0.4729004456819982,4.707682165331487,-3.3358927180394855,fourier
31.122782019744914,177.12822333066404,9.669032460999006,25,180,39.212443874123366,88.24863954844935,14.212444601391061,-1.751359861099352,0.4729004456819982,4.707682165331487,-3.3358927180394855,fourier
31.12702248666864,177.1603141541577,9.717512207000254,25,180,39.212443874123366,88.24863954844935,14.212444601391061,-1.751359861099352,0.4729004456819982,4.707682165331487,-3.3358927180394855,fourier
31.134779520726596,177.15357842133866,9.765823141999135,25,180,39.212443874123366,88.24863954844935,14.212444601391061,-1.751359861099352,0.4729004456819982,4.707682165331487,-3.3358927180394855,fourier
31.112766295952166,177.04827838016269,9.814103276999958,25,180,39.212443874123366,88.24863954844935,14.212444601391061,-1.751359861099352,0.4729004456819982,4.707682165331487,-3.3358927180394855,fourier
31.116297702702393,177.0264534021885,9.864307949999784,25,180,39.212443874123366,88.24863954844935,14.212444601391061,-1.751359861099352,0.4729004456819982,4.707682165331487,-3.3358927180394855,fourier
31.121822529069053,177.0842686260789,9.913071374001447,25,180,39.212443874123366,88.24863954844935,14.212444601391061,-1.751359861099352,0.4729004456819982,4.707682165331487,-3.3358927180394855,fourier
31.12814455402194,177.05608627720198,9.961506777999602,25,180,39.212443874123366,88.24863954844935,14.212444601391061,-1.751359861099352,0.4729004456819982,4.707682165331487,-3.3358927180394855,fourier
31.1176482456242,177.09138828156725,10.010311318001186,25,180,39.212443874123366,88.24863954844935,14.212444601391061,-1.751359861099352,0.4729004456819982,4.707682165331487,-3.3358927180394855,fourier
31.136638647679725,177.06237204045914,10.058516149001662,25,180,39.212443874123366,88.24863954844935,14.212444601391061,-1.751359861099352,0.4729004456819982,4.707682165331487,-3.3358927180394855,fourier
31.136538933295054,177.02518589023248,10.10742590800146,25,180,39.212443874123366,88.24863954844935,14.212444601391061,-1.751359861099352,0.4729004456819982,4.707682165331487,-3.3358927180394855,fourier
31.142582797957324,177.0916502229117,10.156274574001145,25,180,39.212443874123366,88.24863954844935,14.212444601391061,-1.751359861099352,0.4729004456819982,4.707682165331487,-3.3358927180394855,fourier
31.14399769192011,177.08913857287013,10.204696330001752,25,180,39.212443874123366,88.24863954844935,14.212444601391061,-1.751359861099352,0.4729004456819982,4.707682165331487,-3.3358927180394855,fourier
31.158512930932137,177.0481017635291,10.2534109670014,25,180,39.212443874123366,88.24863954844935,14.212444601391061,-1.751359861099352,0.4729004456819982,4.707682165331487,-3.3358927180394855,fourier
31.13234410644787,177.0075587303586,10.301943816000858,25,180,39.212443874123366,88.24863954844935,14.212444601391061,-1.751359861099352,0.4729004456819982,4.707682165331487,-3.3358927180394855,fourier
31.14688576251858,177.06750944967757,10.350594946001365,25,180,39.212443874123366,88.24863954844935,14.212444601391061,-1.751359861099352,0.4729004456819982,4.707682165331487,-3.3358927180394855,fourier
31.159387018729365,177.1372378638034,10.399270015001093,25,180,39.212443874123366,88.24863954844935,14.212444601391061,-1.751359861099352,0.4729004456819982,4.707682165331487,-3.3358927180394855,fourier
31.14945359664444,177.12337687105912,10.447655537001992,25,180,39.212443874123366,88.24863954844935,14.212444601391061,-1.751359861099352,0.4729004456819982,4.707682165331487,-3.3358927180394855,fourier
31.155662413558122,177.07411008870957,10.496254824000061,25,180,39.212443874123366,88.24863954844935,14.212444601391061,-1.751359861099352,0.4729004456819982,4.707682165331487,-3.3358927180394855,fourier
31.155922144466558,177.05114580144004,10.544934543999261,25,180,39.212443874123366,88.24863954844935,14.212444601391061,-1.751359861099352,0.4729004456819982,4.707682165331487,-3.3358927180394855,fourier
31.150312303738687,177.09699057395093,10.593411418001779,25,180,39.212443874123366,88.24863954844935,14.212444601391061,-1.751359861099352,0.4729004456819982,4.707682165331487,-3.3358927180394855,fourier
31.163830814629772,177.09053782219132,10.642067699998734,25,180,39.212443874123366,88.24863954844935,14.212444601391061,-1.751359861099352,0.4729004456819982,4.707682165331487,-3.3358927180394855,fourier
31.113262440960614,176.98773316884436,10.691288863999944,25,180,39.212443874123366,88.24863954844935,14.212444601391061,-1.751359861099352,0.4729004456819982,4.707682165331487,-3.3358927180394855,fourier
31.11217624936726,176.95464519021633,10.740069846000551,25,180,39.212443874123366,88.24863954844935,14.212444601391061,-1.751359861099352,0.4729004456819982,4.707682165331487,-3.3358927180394855,fourier
31.126175170301988,176.9747211729808,10.789105342999392,25,180,39.212443874123366,88.24863954844935,14.212444601391061,-1.751359861099352,0.4729004456819982,4.707682165331487,-3.3358927180394855,fourier
31.14100815642549,177.0362548738397,10.837387900999602,25,180,39.212443874123366,88.24863954844935,14.212444601391061,-1.751359861099352,0.4729004456819982,4.707682165331487,-3.3358927180394855,fourier
31.150172520666707,177.0676285399625,10.886101336000138,25,180,39.212443874123366,88.24863954844935,14.212444601391061,-1.751359861099352,0.4729004456819982,4.707682165331487,-3.3358927180394855,fourier
31.11844135319316,176.9074995635258,10.935020142998837,25,180,39.212443874123366,88.24863954844935,14.212444601391061,-1.751359861099352,0.4729004456819982,4.707682165331487,-3.3358927180394855,fourier
31.126818137738415,176.9058218467787,10.983986802999425,25,180,39.212443874123366,88.24863954844935,14.212444601391061,-1.751359861099352,0.4729004456819982,4.707682165331487,-3.3358927180394855,fourier
31.155809245674295,176.99542307924582,11.032946975999948,25,180,39.212443874123366,88.24863954844935,14.212444601391061,-1.751359861099352,0.4729004456819982,4.707682165331487,-3.3358927180394855,fourier
31.149483367361864,177.01802731870455,11.082232138000109,25,180,39.212443874123366,88.24863954844935,14.212444601391061,-1.751359861099352,0.4729004456819982,4.707682165331487,-3.3358927180394855,fourier
31.134427769748495,176.9923951394376,11.13167059999978,25,180,39.212443874123366,88.24863954844935,14.212444601391061,-1.751359861099352,0.4729004456819982,4.707682165331487,-3.3358927180394855,fourier
31.13066766196994,176.9358585952389,11.180747526999767,25,180,39.212443874123366,88.24863954844935,14.212444601391061,-1.751359861099352,0.4729004456819982,4.707682165331487,-3.3358927180394855,fourier
31.152265897401318,177.02323016900715,11.229909069999849,25,180,39.212443874123366,88.24863954844935,14.212444601391061,-1.751359861099352,0.4729004456819982,4.707682165331487,-3.3358927180394855,fourier
31.16809287265891,177.01965332518876,11.278591021000466,25,180,39.212443874123366,88.24863954844935,14.212444601391061,-1.751359861099352,0.4729004456819982,4.707682165331487,-3.3358927180394855,fourier
31.151709596434372,177.03184559948,11.326420264002081,25,180,39.212443874123366,88.24863954844935,14.212444601391061,-1.751359861099352,0.4729004456819982,4.707682165331487,-3.3358927180394855,fourier
31.132843464027413,176.95611887765546,11.37695025100038,25,180,39.212443874123366,88.24863954844935,14.212444601391061,-1.751359861099352,0.4729004456819982,4.707682165331487,-3.3358927180394855,fourier
31.14357251219648,176.93113769298446,11.426580631999968,25,180,39.212443874123366,88.24863954844935,14.212444601391061,-1.751359861099352,0.4729004456819982,4.707682165331487,-3.3358927180394855,fourier
31.119934068394148,176.93488918377687,11.475394058001257,25,180,39.212443874123366,88.24863954844935,14.212444601391061,-1.751359861099352,0.4729004456819982,4.707682165331487,-3.3358927180394855,fourier
31.134935693027728,176.89981756709187,11.52408095300052,25,180,39.212443874123366,88.24863954844935,14.212444601391061,-1.751359861099352,0.4729004456819982,4.707682165331487,-3.3358927180394855,fourier
31.142904119956246,176.90053359223668,11.572996830000193,25,180,39.212443874123366,88.24863954844935,14.212444601391061,-1.751359861099352,0.4729004456819982,4.707682165331487,-3.3358927180394855,fourier
31.133798582256603,176.88637117013468,11.622216650001064,25,180,39.212443874123366,88.24863954844935,14.212444601391061,-1.751359861099352,0.4729004456819982,4.707682165331487,-3.3358927180394855,fourier
31.14577344628161,176.9137173132369,11.671631902001536,25,180,39.212443874123366,88.24863954844935,14.212444601391061,-1.751359861099352,0.4729004456819982,4.707682165331487,-3.3358927180394855,fourier
31.15458812849221,176.974992248048,11.720375578999665,25,180,39.212443874123366,88.24863954844935,14.212444601391061,-1.751359861099352,0.4729004456819982,4.707682165331487,-3.3358927180394855,fourier
31.151882641129237,176.95899873976887,11.769088981000095,25,180,39.212443874123366,88.24863954844935,14.212444601391061,-1.751359861099352,0.4729004456819982,4.707682165331487,-3.3358927180394855,fourier
31.160614855074638,176.9296740670977,11.817997120000655,25,180,39.212443874123366,88.24863954844935,14.212444601391061,-1.751359861099352,0.4729004456819982,4.707682165331487,-3.3358927180394855,fourier
31.134370146527843,176.93826066038372,11.866591727000923,25,180,39.212443874123366,88.24863954844935,14.212444601391061,-1.751359861099352,0.4729004456819982,4.707682165331487,-3.3358927180394855,fourier
31.189335100937083,177.05723358419374,11.915391529000772,25,180,39.212443874123366,88.24863954844935,14.212444601391061,-1.751359861099352,0.4729004456819982,4.707682165331487,-3.3358927180394855,fourier
31.189781682391715,177.05939883980344,11.964183094998589,25,180,39.212443874123366,88.24863954844935,14.212444601391061,-1.751359861099352,0.4729004456819982,4.707682165331487,-3.3358927180394855,fourier
31.12396654794963,176.98916299810566,12.013496387000487,25,180,39.212443874123366,88.24863954844935,14.212444601391061,-1.751359861099352,0.4729004456819982,4.707682165331487,-3.3358927180394855,fourier
31.16927488895014,176.94443975165015,12.062685066000995,25,180,39.212443874123366,88.24863954844935,14.212444601391061,-1.751359861099352,0.4729004456819982,4.707682165331487,-3.3358927180394855,fourier
31.143960775684796,176.93973202891934,12.113678049001464,25,180,39.212443874123366,88.24863954844935,14.212444601391061,-1.751359861099352,0.4729004456819982,4.707682165331487,-3.3358927180394855,fourier
31.150798070229907,176.9714191495155,12.162595855999825,25,180,39.212443874123366,88.24863954844935,14.212444601391061,-1.751359861099352,0.4729004456819982,4.707682165331487,-3.3358927180394855,fourier
31.157199819153927,176.96905885488758,12.21138370799963,25,180,39.212443874123366,88.24863954844935,14.212444601391061,-1.751359861099352,0.4729004456819982,4.707682165331487,-3.3358927180394855,fourier
31.110377215107835,176.8676516091647,12.260317894000764,25,180,39.212443874123366,88.24863954844935,14.212444601391061,-1.751359861099352,0.4729004456819982,4.707682165331487,-3.3358927180394855,fourier
31.12002663025765,176.86604481005924,12.309206294001342,25,180,39.212443874123366,88.24863954844935,14.212444601391061,-1.751359861099352,0.4729004456819982,4.707682165331487,-3.3358927180394855,fourier
31.164176463909676,176.9603562996765,12.358158879000257,25,180,39.212443874123366,88.24863954844935,14.212444601391061,-1.751359861099352,0.4729004456819982,4.707682165331487,-3.3358927180394855,fourier
31.15014917438793,176.95820504991357,12.407311040999048,25,180,39.212443874123366,88.24863954844935,14.212444601391061,-1.751359861099352,0.4729004456819982,4.707682165331487,-3.3358927180394855,fourier
31.121892682355863,176.92966955419516,12.456234870001936,25,180,39.212443874123366,88.24863954844935,14.212444601391061,-1.751359861099352,0.4729004456819982,4.707682165331487,-3.3358927180394855,fourier
31.139758433109062,176.90469862132187,12.505135806000908,25,180,39.212443874123366,88.24863954844935,14.212444601391061,-1.751359861099352,0.4729004456819982,4.707682165331487,-3.3358927180394855,fourier
31.13795348174588,176.95957541452293,12.553999076000764,25,180,39.212443874123366,88.24863954844935,14.212444601391061,-1.751359861099352,0.4729004456819982,4.707682165331487,-3.3358927180394855,fourier
31.151721337543375,176.96427922473265,12.60300135199941,25,180,39.212443874123366,88.24863954844935,14.212444601391061,-1.751359861099352,0.4729004456819982,4.707682165331487,-3.3358927180394855,fourier
31.110564851526128,176.92741249668723,12.652061578999565,25,180,39.212443874123366,88.24863954844935,14.212444601391061,-1.751359861099352,0.4729004456819982,4.707682165331487,-3.3358927180394855,fourier
31.132546218954182,176.89726409975827,12.701000682001904,25,180,39.212443874123366,88.24863954844935,14.212444601391061,-1.751359861099352,0.4729004456819982,4.707682165331487,-3.3358927180394855,fourier
31.15036051767484,176.88890505916027,12.75001994899867,25,180,39.212443874123366,88.24863954844935,14.212444601391061,-1.751359861099352,0.4729004456819982,4.707682165331487,-3.3358927180394855,fourier
31.171308382899625,176.99945233012895,12.798903154001891,25,180,39.212443874123366,88.24863954844935,14.212444601391061,-1.751359861099352,0.4729004456819982,4.707682165331487,-3.3358927180394855,fourier
31.160164530685524,176.99516288097354,12.847717931999796,25,180,39.212443874123366,88.24863954844935,14.212444601391061,-1.751359861099352,0.4729004456819982,4.707682165331487,-3.3358927180394855,fourier
31.133666395089815,176.94828405024384,12.896868166000786,25,180,39.212443874123366,88.24863954844935,14.212444601391061,-1.751359861099352,0.4729004456819982,4.707682165331487,-3.3358927180394855,fourier
31.134859159477966,176.92050073938637,12.94600772099875,25,180,39.212443874123366,88.24863954844935,14.212444601391061,-1.751359861099352,0.4729004456819982,4.707682165331487,-3.3358927180394855,fourier
31.147381851212813,176.92971170949505,12.995122563999757,25,180,39.212443874123366,88.24863954844935,14.212444601391061,-1.751359861099352,0.4729004456819982,4.707682165331487,-3.3358927180394855,fourier
31.13235375461403,176.94913299054963,13.044213526998647,25,180,39.212443874123366,88.24863954844935,14.212444601391061,-1.751359861099352,0.4729004456819982,4.707682165331487,-3.3358927180394855,fourier
31.143892201412797,176.92144963110516,13.093415924999135,25,180,39.212443874123366,88.24863954844935,14.212444601391061,-1.751359861099352,0.4729004456819982,4.707682165331487,-3.3358927180394855,fourier
31.11014996956858,176.79659153563898,13.14233644900014,25,180,39.212443874123366,88.24863954844935,14.212444601391061,-1.751359861099352,0.4729004456819982,4.707682165331487,-3.3358927180394855,fourier
31.10424764988327,176.79362349065,13.191458417000831,25,180,39.212443874123366,88.24863954844935,14.212444601391061,-1.751359861099352,0.4729004456819982,4.707682165331487,-3.3358927180394855,fourier
31.139584311559165,176.87498122860214,13.240405276999809,25,180,39.212443874123366,88.24863954844935,14.212444601391061,-1.751359861099352,0.4729004456819982,4.707682165331487,-3.3358927180394855,fourier
31.145475684030075,176.90426953544855,13.28940209600114,25,180,39.212443874123366,88.24863954844935,14.212444601391061,-1.751359861099352,0.4729004456819982,4.707682165331487,-3.3358927180394855,fourier
31.12337849946426,176.88793733860163,13.33810959100083,25,180,39.212443874123366,88.24863954844935,14.212444601391061,-1.751359861099352,0.4729004456819982,4.707682165331487,-3.3358927180394855,fourier
31.132168252592212,176.85584360007024,13.387533786000859,25,180,39.212443874123366,88.24863954844935,14.212444601391061,-1.751359861099352,0.4729004456819982,4.707682165331487,-3.3358927180394855,fourier
31.11989065260376,176.84345951483033,13.437593328999355,25,180,39.212443874123366,88.24863954844935,14.212444601391061,-1.751359861099352,0.4729004456819982,4.707682165331487,-3.3358927180394855,fourier
31.11440205379275,176.87208098999497,13.48761362300138,25,180,39.212443874123366,88.24863954844935,14.212444601391061,-1.751359861099352,0.4729004456819982,4.707682165331487,-3.3358927180394855,fourier
